<metadata xml:lang="en"><Esri><CreaDate>20200226</CreaDate><CreaTime>17352000</CreaTime><ArcGISFormat>1.0</ArcGISFormat><SyncOnce>FALSE</SyncOnce><DataProperties><itemProps><itemName Sync="TRUE">BC_VRI</itemName><imsContentType Sync="TRUE">002</imsContentType><itemLocation><linkage Sync="TRUE">file://\\DESKTOP-TCIQRR1\D\GEOG428\FinalProject\FinalShapefiles\BC_VRI.shp</linkage><protocol Sync="TRUE">Local Area Network</protocol></itemLocation><itemSize Sync="TRUE">0.000</itemSize></itemProps><coordRef><type Sync="TRUE">Projected</type><geogcsn Sync="TRUE">GCS_North_American_1983</geogcsn><csUnits Sync="TRUE">Linear Unit: Meter (1.000000)</csUnits><projcsn Sync="TRUE">NAD_1983_BC_Environment_Albers</projcsn><peXml Sync="TRUE">&lt;ProjectedCoordinateSystem xsi:type='typens:ProjectedCoordinateSystem' xmlns:xsi='http://www.w3.org/2001/XMLSchema-instance' xmlns:xs='http://www.w3.org/2001/XMLSchema' xmlns:typens='http://www.esri.com/schemas/ArcGIS/2.4.0'&gt;&lt;WKT&gt;PROJCS[&amp;quot;NAD_1983_BC_Environment_Albers&amp;quot;,GEOGCS[&amp;quot;GCS_North_American_1983&amp;quot;,DATUM[&amp;quot;D_North_American_1983&amp;quot;,SPHEROID[&amp;quot;GRS_1980&amp;quot;,6378137.0,298.257222101]],PRIMEM[&amp;quot;Greenwich&amp;quot;,0.0],UNIT[&amp;quot;Degree&amp;quot;,0.0174532925199433]],PROJECTION[&amp;quot;Albers&amp;quot;],PARAMETER[&amp;quot;False_Easting&amp;quot;,1000000.0],PARAMETER[&amp;quot;False_Northing&amp;quot;,0.0],PARAMETER[&amp;quot;Central_Meridian&amp;quot;,-126.0],PARAMETER[&amp;quot;Standard_Parallel_1&amp;quot;,50.0],PARAMETER[&amp;quot;Standard_Parallel_2&amp;quot;,58.5],PARAMETER[&amp;quot;Latitude_Of_Origin&amp;quot;,45.0],UNIT[&amp;quot;Meter&amp;quot;,1.0],AUTHORITY[&amp;quot;EPSG&amp;quot;,3005]]&lt;/WKT&gt;&lt;XOrigin&gt;-13239300&lt;/XOrigin&gt;&lt;YOrigin&gt;-8610100&lt;/YOrigin&gt;&lt;XYScale&gt;316279566.22660488&lt;/XYScale&gt;&lt;ZOrigin&gt;-100000&lt;/ZOrigin&gt;&lt;ZScale&gt;10000&lt;/ZScale&gt;&lt;MOrigin&gt;-100000&lt;/MOrigin&gt;&lt;MScale&gt;10000&lt;/MScale&gt;&lt;XYTolerance&gt;0.001&lt;/XYTolerance&gt;&lt;ZTolerance&gt;0.001&lt;/ZTolerance&gt;&lt;MTolerance&gt;0.001&lt;/MTolerance&gt;&lt;HighPrecision&gt;true&lt;/HighPrecision&gt;&lt;WKID&gt;102190&lt;/WKID&gt;&lt;LatestWKID&gt;3005&lt;/LatestWKID&gt;&lt;/ProjectedCoordinateSystem&gt;</peXml></coordRef><lineage><Process ToolSource="c:\program files\arcgis\pro\Resources\ArcToolbox\toolboxes\Conversion Tools.tbx\FeatureClassToFeatureClass" Date="20200226" Time="173543">FeatureClassToFeatureClass VEG_R1_PLY_polygon "E:\GEOG428\FinalProject\Final Project\Final Project.gdb" VEG_R1_PLY_polygon # "FEATURE_ID "FEATURE_ID" true true false 38 Double 0 38,First,#,VEG_R1_PLY_polygon,FEATURE_ID,-1,-1;MAP_ID "MAP_ID" true true false 7 Text 0 0,First,#,VEG_R1_PLY_polygon,MAP_ID,0,7;POLY_ID "POLY_ID" true true false 10 Long 0 10,First,#,VEG_R1_PLY_polygon,POLY_ID,-1,-1;OPEN_IND "OPEN_IND" true true false 1 Text 0 0,First,#,VEG_R1_PLY_polygon,OPEN_IND,0,1;OPEN_SRC "OPEN_SRC" true true false 5 Text 0 0,First,#,VEG_R1_PLY_polygon,OPEN_SRC,0,5;OPEN_NUM "OPEN_NUM" true true false 4 Text 0 0,First,#,VEG_R1_PLY_polygon,OPEN_NUM,0,4;FEAT_SKEY "FEAT_SKEY" true true false 38 Double 0 38,First,#,VEG_R1_PLY_polygon,FEAT_SKEY,-1,-1;INV_STD_CD "INV_STD_CD" true true false 10 Text 0 0,First,#,VEG_R1_PLY_polygon,INV_STD_CD,0,10;POLY_AREA "POLY_AREA" true true false 16 Double 1 15,First,#,VEG_R1_PLY_polygon,POLY_AREA,-1,-1;NP_DESC "NP_DESC" true true false 5 Text 0 0,First,#,VEG_R1_PLY_polygon,NP_DESC,0,5;NP_CODE "NP_CODE" true true false 10 Text 0 0,First,#,VEG_R1_PLY_polygon,NP_CODE,0,10;INPUT_DATE "INPUT_DATE" true true false 25 Text 0 0,First,#,VEG_R1_PLY_polygon,INPUT_DATE,0,25;C_I_CODE "C_I_CODE" true true false 1 Text 0 0,First,#,VEG_R1_PLY_polygon,C_I_CODE,0,1;SURF_EXP "SURF_EXP" true true false 10 Text 0 0,First,#,VEG_R1_PLY_polygon,SURF_EXP,0,10;MOD_PROCES "MOD_PROCES" true true false 10 Text 0 0,First,#,VEG_R1_PLY_polygon,MOD_PROCES,0,10;SITE_MESO "SITE_MESO" true true false 10 Text 0 0,First,#,VEG_R1_PLY_polygon,SITE_MESO,0,10;ALPN_DESIG "ALPN_DESIG" true true false 10 Text 0 0,First,#,VEG_R1_PLY_polygon,ALPN_DESIG,0,10;SOIL_NUTR "SOIL_NUTR" true true false 10 Text 0 0,First,#,VEG_R1_PLY_polygon,SOIL_NUTR,0,10;ECO_SRC_CD "ECO_SRC_CD" true true false 10 Text 0 0,First,#,VEG_R1_PLY_polygon,ECO_SRC_CD,0,10;BCLCS_LV_1 "BCLCS_LV_1" true true false 10 Text 0 0,First,#,VEG_R1_PLY_polygon,BCLCS_LV_1,0,10;BCLCS_LV_2 "BCLCS_LV_2" true true false 10 Text 0 0,First,#,VEG_R1_PLY_polygon,BCLCS_LV_2,0,10;BCLCS_LV_3 "BCLCS_LV_3" true true false 10 Text 0 0,First,#,VEG_R1_PLY_polygon,BCLCS_LV_3,0,10;BCLCS_LV_4 "BCLCS_LV_4" true true false 10 Text 0 0,First,#,VEG_R1_PLY_polygon,BCLCS_LV_4,0,10;BCLCS_LV_5 "BCLCS_LV_5" true true false 10 Text 0 0,First,#,VEG_R1_PLY_polygon,BCLCS_LV_5,0,10;INTERPRETR "INTERPRETR" true true false 30 Text 0 0,First,#,VEG_R1_PLY_polygon,INTERPRETR,0,30;INTRP_DATE "INTRP_DATE" true true false 25 Text 0 0,First,#,VEG_R1_PLY_polygon,INTRP_DATE,0,25;PROJECT_ID "PROJECT_ID" true true false 100 Text 0 0,First,#,VEG_R1_PLY_polygon,PROJECT_ID,0,100;REF_YR_ID "REF_YR_ID" true true false 10 Long 0 10,First,#,VEG_R1_PLY_polygon,REF_YR_ID,-1,-1;CRUISE_NO "CRUISE_NO" true true false 10 Long 0 10,First,#,VEG_R1_PLY_polygon,CRUISE_NO,-1,-1;CRUISE_CD "CRUISE_CD" true true false 1 Text 0 0,First,#,VEG_R1_PLY_polygon,CRUISE_CD,0,1;INV_REGION "INV_REGION" true true false 5 Long 0 5,First,#,VEG_R1_PLY_polygon,INV_REGION,-1,-1;COMPARTMNT "COMPARTMNT" true true false 5 Long 0 5,First,#,VEG_R1_PLY_polygon,COMPARTMNT,-1,-1;COMP_LET "COMP_LET" true true false 1 Text 0 0,First,#,VEG_R1_PLY_polygon,COMP_LET,0,1;FIZ_CD "FIZ_CD" true true false 1 Text 0 0,First,#,VEG_R1_PLY_polygon,FIZ_CD,0,1;FMLB "FMLB" true true false 1 Text 0 0,First,#,VEG_R1_PLY_polygon,FMLB,0,1;ATRIB_DATE "ATRIB_DATE" true true false 25 Text 0 0,First,#,VEG_R1_PLY_polygon,ATRIB_DATE,0,25;PROJ_DATE "PROJ_DATE" true true false 25 Text 0 0,First,#,VEG_R1_PLY_polygon,PROJ_DATE,0,25;SHRB_HT "SHRB_HT" true true false 5 Float 1 4,First,#,VEG_R1_PLY_polygon,SHRB_HT,-1,-1;SHRB_CC "SHRB_CC" true true false 5 Long 0 5,First,#,VEG_R1_PLY_polygon,SHRB_CC,-1,-1;SHRB_PATT "SHRB_PATT" true true false 10 Text 0 0,First,#,VEG_R1_PLY_polygon,SHRB_PATT,0,10;HERB_TYPE "HERB_TYPE" true true false 10 Text 0 0,First,#,VEG_R1_PLY_polygon,HERB_TYPE,0,10;HERB_COVER "HERB_COVER" true true false 10 Text 0 0,First,#,VEG_R1_PLY_polygon,HERB_COVER,0,10;HERB_PCT "HERB_PCT" true true false 5 Long 0 5,First,#,VEG_R1_PLY_polygon,HERB_PCT,-1,-1;BRYOID_PCT "BRYOID_PCT" true true false 5 Long 0 5,First,#,VEG_R1_PLY_polygon,BRYOID_PCT,-1,-1;NVEG_COV_1 "NVEG_COV_1" true true false 10 Text 0 0,First,#,VEG_R1_PLY_polygon,NVEG_COV_1,0,10;NVEG_PCT_1 "NVEG_PCT_1" true true false 5 Long 0 5,First,#,VEG_R1_PLY_polygon,NVEG_PCT_1,-1,-1;NVEG_TYP_1 "NVEG_TYP_1" true true false 10 Text 0 0,First,#,VEG_R1_PLY_polygon,NVEG_TYP_1,0,10;NVEG_COV_2 "NVEG_COV_2" true true false 10 Text 0 0,First,#,VEG_R1_PLY_polygon,NVEG_COV_2,0,10;NVEG_PCT_2 "NVEG_PCT_2" true true false 5 Long 0 5,First,#,VEG_R1_PLY_polygon,NVEG_PCT_2,-1,-1;NVEG_TYP_2 "NVEG_TYP_2" true true false 10 Text 0 0,First,#,VEG_R1_PLY_polygon,NVEG_TYP_2,0,10;NVEG_PCT_3 "NVEG_PCT_3" true true false 10 Text 0 0,First,#,VEG_R1_PLY_polygon,NVEG_PCT_3,0,10;NVEG_COV_3 "NVEG_COV_3" true true false 5 Long 0 5,First,#,VEG_R1_PLY_polygon,NVEG_COV_3,-1,-1;NVEG_TYP_3 "NVEG_TYP_3" true true false 10 Text 0 0,First,#,VEG_R1_PLY_polygon,NVEG_TYP_3,0,10;LAND_CD_1 "LAND_CD_1" true true false 10 Text 0 0,First,#,VEG_R1_PLY_polygon,LAND_CD_1,0,10;COV_PCT_1 "COV_PCT_1" true true false 5 Long 0 5,First,#,VEG_R1_PLY_polygon,COV_PCT_1,-1,-1;SOIL_MST_1 "SOIL_MST_1" true true false 10 Text 0 0,First,#,VEG_R1_PLY_polygon,SOIL_MST_1,0,10;LAND_CD_2 "LAND_CD_2" true true false 10 Text 0 0,First,#,VEG_R1_PLY_polygon,LAND_CD_2,0,10;COV_PCT_2 "COV_PCT_2" true true false 5 Long 0 5,First,#,VEG_R1_PLY_polygon,COV_PCT_2,-1,-1;SOIL_MST_2 "SOIL_MST_2" true true false 10 Text 0 0,First,#,VEG_R1_PLY_polygon,SOIL_MST_2,0,10;LAND_CD_3 "LAND_CD_3" true true false 10 Text 0 0,First,#,VEG_R1_PLY_polygon,LAND_CD_3,0,10;COV_PCT_3 "COV_PCT_3" true true false 5 Long 0 5,First,#,VEG_R1_PLY_polygon,COV_PCT_3,-1,-1;SOIL_MST_3 "SOIL_MST_3" true true false 10 Text 0 0,First,#,VEG_R1_PLY_polygon,SOIL_MST_3,0,10;AV_LBL_HT "AV_LBL_HT" true true false 38 Double 0 38,First,#,VEG_R1_PLY_polygon,AV_LBL_HT,-1,-1;AV_LBL_WD "AV_LBL_WD" true true false 38 Double 0 38,First,#,VEG_R1_PLY_polygon,AV_LBL_WD,-1,-1;FULL_LABEL "FULL_LABEL" true true false 254 Text 0 0,First,#,VEG_R1_PLY_polygon,FULL_LABEL,0,254;LBL_CTR_X "LBL_CTR_X" true true false 38 Double 0 38,First,#,VEG_R1_PLY_polygon,LBL_CTR_X,-1,-1;LBL_CTR_Y "LBL_CTR_Y" true true false 38 Double 0 38,First,#,VEG_R1_PLY_polygon,LBL_CTR_Y,-1,-1;LBL_HT "LBL_HT" true true false 38 Double 0 38,First,#,VEG_R1_PLY_polygon,LBL_HT,-1,-1;LBL_WIDTH "LBL_WIDTH" true true false 38 Double 0 38,First,#,VEG_R1_PLY_polygon,LBL_WIDTH,-1,-1;LBL_OPN_NO "LBL_OPN_NO" true true false 4 Text 0 0,First,#,VEG_R1_PLY_polygon,LBL_OPN_NO,0,4;LBL_OPN_CD "LBL_OPN_CD" true true false 1 Text 0 0,First,#,VEG_R1_PLY_polygon,LBL_OPN_CD,0,1;LBL_POLYID "LBL_POLYID" true true false 10 Text 0 0,First,#,VEG_R1_PLY_polygon,LBL_POLYID,0,10;LBL_SPECIS "LBL_SPECIS" true true false 50 Text 0 0,First,#,VEG_R1_PLY_polygon,LBL_SPECIS,0,50;LBL_CLS_IN "LBL_CLS_IN" true true false 12 Text 0 0,First,#,VEG_R1_PLY_polygon,LBL_CLS_IN,0,12;LBL_VEGCOV "LBL_VEGCOV" true true false 11 Text 0 0,First,#,VEG_R1_PLY_polygon,LBL_VEGCOV,0,11;LBL_HIST "LBL_HIST" true true false 10 Text 0 0,First,#,VEG_R1_PLY_polygon,LBL_HIST,0,10;LBL_DISTUR "LBL_DISTUR" true true false 1 Text 0 0,First,#,VEG_R1_PLY_polygon,LBL_DISTUR,0,1;LBL_HIS_SY "LBL_HIS_SY" true true false 39 Text 0 0,First,#,VEG_R1_PLY_polygon,LBL_HIS_SY,0,39;LBL_TEND "LBL_TEND" true true false 40 Text 0 0,First,#,VEG_R1_PLY_polygon,LBL_TEND,0,40;LBL_PLANT "LBL_PLANT" true true false 80 Text 0 0,First,#,VEG_R1_PLY_polygon,LBL_PLANT,0,80;PRINTABLE "PRINTABLE" true true false 1 Text 0 0,First,#,VEG_R1_PLY_polygon,PRINTABLE,0,1;SM_LABEL "SM_LABEL" true true false 200 Text 0 0,First,#,VEG_R1_PLY_polygon,SM_LABEL,0,200;OPEN_ID "OPEN_ID" true true false 11 Double 0 11,First,#,VEG_R1_PLY_polygon,OPEN_ID,-1,-1;ORGUNIT_NO "ORGUNIT_NO" true true false 11 Double 0 11,First,#,VEG_R1_PLY_polygon,ORGUNIT_NO,-1,-1;ORGUNIT_CD "ORGUNIT_CD" true true false 6 Text 0 0,First,#,VEG_R1_PLY_polygon,ORGUNIT_CD,0,6;ADJST_IND "ADJST_IND" true true false 1 Text 0 0,First,#,VEG_R1_PLY_polygon,ADJST_IND,0,1;BEC_ZONE "BEC_ZONE" true true false 4 Text 0 0,First,#,VEG_R1_PLY_polygon,BEC_ZONE,0,4;BEC_SZONE "BEC_SZONE" true true false 3 Text 0 0,First,#,VEG_R1_PLY_polygon,BEC_SZONE,0,3;BEC_VAR "BEC_VAR" true true false 1 Text 0 0,First,#,VEG_R1_PLY_polygon,BEC_VAR,0,1;BEC_PHSE "BEC_PHSE" true true false 1 Text 0 0,First,#,VEG_R1_PLY_polygon,BEC_PHSE,0,1;N_LOG_DIST "N_LOG_DIST" true true false 10 Text 0 0,First,#,VEG_R1_PLY_polygon,N_LOG_DIST,0,10;N_LOG_DATE "N_LOG_DATE" true true false 25 Text 0 0,First,#,VEG_R1_PLY_polygon,N_LOG_DATE,0,25;DEAD_PCT "DEAD_PCT" true true false 5 Long 0 5,First,#,VEG_R1_PLY_polygon,DEAD_PCT,-1,-1;FTG_IND "FTG_IND" true true false 1 Text 0 0,First,#,VEG_R1_PLY_polygon,FTG_IND,0,1;HRVSTDT "HRVSTDT" true true false 25 Text 0 0,First,#,VEG_R1_PLY_polygon,HRVSTDT,0,25;AREA_SQM "AREA_SQM" true true false 20 Double 4 19,First,#,VEG_R1_PLY_polygon,AREA_SQM,-1,-1;FEAT_LEN "FEAT_LEN" true true false 20 Double 4 19,First,#,VEG_R1_PLY_polygon,FEAT_LEN,-1,-1;LAYER_ID "LAYER_ID" true true false 10 Text 0 0,First,#,VEG_R1_PLY_polygon,LAYER_ID,0,10;RANK_CD "RANK_CD" true true false 10 Text 0 0,First,#,VEG_R1_PLY_polygon,RANK_CD,0,10;NFOR_DESC "NFOR_DESC" true true false 10 Text 0 0,First,#,VEG_R1_PLY_polygon,NFOR_DESC,0,10;INTERP_CD "INTERP_CD" true true false 10 Text 0 0,First,#,VEG_R1_PLY_polygon,INTERP_CD,0,10;Q_DIAM_125 "Q_DIAM_125" true true false 9 Double 3 8,First,#,VEG_R1_PLY_polygon,Q_DIAM_125,-1,-1;Q_DIAM_175 "Q_DIAM_175" true true false 9 Double 3 8,First,#,VEG_R1_PLY_polygon,Q_DIAM_175,-1,-1;Q_DIAM_225 "Q_DIAM_225" true true false 9 Double 3 8,First,#,VEG_R1_PLY_polygon,Q_DIAM_225,-1,-1;EST_SI_SPC "EST_SI_SPC" true true false 10 Text 0 0,First,#,VEG_R1_PLY_polygon,EST_SI_SPC,0,10;EST_SI "EST_SI" true true false 6 Float 1 5,First,#,VEG_R1_PLY_polygon,EST_SI,-1,-1;SI_DATA_CD "SI_DATA_CD" true true false 10 Text 0 0,First,#,VEG_R1_PLY_polygon,SI_DATA_CD,0,10;CR_CLOSURE "CR_CLOSURE" true true false 5 Long 0 5,First,#,VEG_R1_PLY_polygon,CR_CLOSURE,-1,-1;CC_CLASS "CC_CLASS" true true false 2 Text 0 0,First,#,VEG_R1_PLY_polygon,CC_CLASS,0,2;REF_DATE "REF_DATE" true true false 25 Text 0 0,First,#,VEG_R1_PLY_polygon,REF_DATE,0,25;SITE_INDEX "SITE_INDEX" true true false 6 Float 1 5,First,#,VEG_R1_PLY_polygon,SITE_INDEX,-1,-1;DBH_LIMIT "DBH_LIMIT" true true false 5 Long 0 5,First,#,VEG_R1_PLY_polygon,DBH_LIMIT,-1,-1;BASAL_AREA "BASAL_AREA" true true false 11 Double 6 10,First,#,VEG_R1_PLY_polygon,BASAL_AREA,-1,-1;B_A_DTA_CD "B_A_DTA_CD" true true false 10 Text 0 0,First,#,VEG_R1_PLY_polygon,B_A_DTA_CD,0,10;LIVE_STEMS "LIVE_STEMS" true true false 10 Long 0 10,First,#,VEG_R1_PLY_polygon,LIVE_STEMS,-1,-1;STEM_HA_CD "STEM_HA_CD" true true false 10 Text 0 0,First,#,VEG_R1_PLY_polygon,STEM_HA_CD,0,10;DEAD_STEMS "DEAD_STEMS" true true false 10 Long 0 10,First,#,VEG_R1_PLY_polygon,DEAD_STEMS,-1,-1;TREE_PATRN "TREE_PATRN" true true false 10 Text 0 0,First,#,VEG_R1_PLY_polygon,TREE_PATRN,0,10;VERT_COMPL "VERT_COMPL" true true false 10 Text 0 0,First,#,VEG_R1_PLY_polygon,VERT_COMPL,0,10;SPEC_CD_1 "SPEC_CD_1" true true false 10 Text 0 0,First,#,VEG_R1_PLY_polygon,SPEC_CD_1,0,10;SPEC_PCT_1 "SPEC_PCT_1" true true false 6 Float 2 5,First,#,VEG_R1_PLY_polygon,SPEC_PCT_1,-1,-1;SPEC_CD_2 "SPEC_CD_2" true true false 10 Text 0 0,First,#,VEG_R1_PLY_polygon,SPEC_CD_2,0,10;SPEC_PCT_2 "SPEC_PCT_2" true true false 6 Float 2 5,First,#,VEG_R1_PLY_polygon,SPEC_PCT_2,-1,-1;SPEC_CD_3 "SPEC_CD_3" true true false 10 Text 0 0,First,#,VEG_R1_PLY_polygon,SPEC_CD_3,0,10;SPEC_PCT_3 "SPEC_PCT_3" true true false 6 Float 2 5,First,#,VEG_R1_PLY_polygon,SPEC_PCT_3,-1,-1;SPEC_CD_4 "SPEC_CD_4" true true false 10 Text 0 0,First,#,VEG_R1_PLY_polygon,SPEC_CD_4,0,10;SPEC_PCT_4 "SPEC_PCT_4" true true false 6 Float 2 5,First,#,VEG_R1_PLY_polygon,SPEC_PCT_4,-1,-1;SPEC_CD_5 "SPEC_CD_5" true true false 10 Text 0 0,First,#,VEG_R1_PLY_polygon,SPEC_CD_5,0,10;SPEC_PCT_5 "SPEC_PCT_5" true true false 6 Float 2 5,First,#,VEG_R1_PLY_polygon,SPEC_PCT_5,-1,-1;SPEC_CD_6 "SPEC_CD_6" true true false 10 Text 0 0,First,#,VEG_R1_PLY_polygon,SPEC_CD_6,0,10;SPEC_PCT_6 "SPEC_PCT_6" true true false 6 Float 2 5,First,#,VEG_R1_PLY_polygon,SPEC_PCT_6,-1,-1;PROJ_AGE_1 "PROJ_AGE_1" true true false 10 Long 0 10,First,#,VEG_R1_PLY_polygon,PROJ_AGE_1,-1,-1;P_AGE_CS_1 "P_AGE_CS_1" true true false 1 Text 0 0,First,#,VEG_R1_PLY_polygon,P_AGE_CS_1,0,1;PROJ_AGE_2 "PROJ_AGE_2" true true false 10 Long 0 10,First,#,VEG_R1_PLY_polygon,PROJ_AGE_2,-1,-1;P_AGE_CS_2 "P_AGE_CS_2" true true false 1 Text 0 0,First,#,VEG_R1_PLY_polygon,P_AGE_CS_2,0,1;AGE_DTA_CD "AGE_DTA_CD" true true false 10 Text 0 0,First,#,VEG_R1_PLY_polygon,AGE_DTA_CD,0,10;PROJ_HT_1 "PROJ_HT_1" true true false 6 Float 1 5,First,#,VEG_R1_PLY_polygon,PROJ_HT_1,-1,-1;P_HT_CAS_1 "P_HT_CAS_1" true true false 1 Text 0 0,First,#,VEG_R1_PLY_polygon,P_HT_CAS_1,0,1;PROJ_HT_2 "PROJ_HT_2" true true false 6 Float 1 5,First,#,VEG_R1_PLY_polygon,PROJ_HT_2,-1,-1;P_HT_CAS_2 "P_HT_CAS_2" true true false 1 Text 0 0,First,#,VEG_R1_PLY_polygon,P_HT_CAS_2,0,1;HT_DATA_CD "HT_DATA_CD" true true false 10 Text 0 0,First,#,VEG_R1_PLY_polygon,HT_DATA_CD,0,10;LVLSP1_125 "LVLSP1_125" true true false 9 Double 3 8,First,#,VEG_R1_PLY_polygon,LVLSP1_125,-1,-1;LVLSP1_175 "LVLSP1_175" true true false 9 Double 3 8,First,#,VEG_R1_PLY_polygon,LVLSP1_175,-1,-1;LVLSP1_225 "LVLSP1_225" true true false 9 Double 3 8,First,#,VEG_R1_PLY_polygon,LVLSP1_225,-1,-1;LVLSP2_125 "LVLSP2_125" true true false 9 Double 3 8,First,#,VEG_R1_PLY_polygon,LVLSP2_125,-1,-1;LVLSP2_175 "LVLSP2_175" true true false 9 Double 3 8,First,#,VEG_R1_PLY_polygon,LVLSP2_175,-1,-1;LVLSP2_225 "LVLSP2_225" true true false 9 Double 3 8,First,#,VEG_R1_PLY_polygon,LVLSP2_225,-1,-1;LVLSP3_125 "LVLSP3_125" true true false 9 Double 3 8,First,#,VEG_R1_PLY_polygon,LVLSP3_125,-1,-1;LVLSP3_175 "LVLSP3_175" true true false 9 Double 3 8,First,#,VEG_R1_PLY_polygon,LVLSP3_175,-1,-1;LVLSP3_225 "LVLSP3_225" true true false 9 Double 3 8,First,#,VEG_R1_PLY_polygon,LVLSP3_225,-1,-1;LVLSP4_125 "LVLSP4_125" true true false 9 Double 3 8,First,#,VEG_R1_PLY_polygon,LVLSP4_125,-1,-1;LVLSP4_175 "LVLSP4_175" true true false 9 Double 3 8,First,#,VEG_R1_PLY_polygon,LVLSP4_175,-1,-1;LVLSP4_225 "LVLSP4_225" true true false 9 Double 3 8,First,#,VEG_R1_PLY_polygon,LVLSP4_225,-1,-1;LVLSP5_125 "LVLSP5_125" true true false 9 Double 3 8,First,#,VEG_R1_PLY_polygon,LVLSP5_125,-1,-1;LVLSP5_175 "LVLSP5_175" true true false 9 Double 3 8,First,#,VEG_R1_PLY_polygon,LVLSP5_175,-1,-1;LVLSP5_225 "LVLSP5_225" true true false 9 Double 3 8,First,#,VEG_R1_PLY_polygon,LVLSP5_225,-1,-1;LVLSP6_125 "LVLSP6_125" true true false 9 Double 3 8,First,#,VEG_R1_PLY_polygon,LVLSP6_125,-1,-1;LVLSP6_175 "LVLSP6_175" true true false 9 Double 3 8,First,#,VEG_R1_PLY_polygon,LVLSP6_175,-1,-1;LVLSP6_225 "LVLSP6_225" true true false 9 Double 3 8,First,#,VEG_R1_PLY_polygon,LVLSP6_225,-1,-1;DVLSP1_125 "DVLSP1_125" true true false 9 Double 3 8,First,#,VEG_R1_PLY_polygon,DVLSP1_125,-1,-1;DVLSP1_175 "DVLSP1_175" true true false 9 Double 3 8,First,#,VEG_R1_PLY_polygon,DVLSP1_175,-1,-1;DVLSP1_225 "DVLSP1_225" true true false 9 Double 3 8,First,#,VEG_R1_PLY_polygon,DVLSP1_225,-1,-1;DVLSP2_125 "DVLSP2_125" true true false 9 Double 3 8,First,#,VEG_R1_PLY_polygon,DVLSP2_125,-1,-1;DVLSP2_175 "DVLSP2_175" true true false 9 Double 3 8,First,#,VEG_R1_PLY_polygon,DVLSP2_175,-1,-1;DVLSP2_225 "DVLSP2_225" true true false 9 Double 3 8,First,#,VEG_R1_PLY_polygon,DVLSP2_225,-1,-1;DVLSP3_125 "DVLSP3_125" true true false 9 Double 3 8,First,#,VEG_R1_PLY_polygon,DVLSP3_125,-1,-1;DVLSP3_175 "DVLSP3_175" true true false 9 Double 3 8,First,#,VEG_R1_PLY_polygon,DVLSP3_175,-1,-1;DVLSP3_225 "DVLSP3_225" true true false 9 Double 3 8,First,#,VEG_R1_PLY_polygon,DVLSP3_225,-1,-1;DVLSP4_125 "DVLSP4_125" true true false 9 Double 3 8,First,#,VEG_R1_PLY_polygon,DVLSP4_125,-1,-1;DVLSP4_175 "DVLSP4_175" true true false 9 Double 3 8,First,#,VEG_R1_PLY_polygon,DVLSP4_175,-1,-1;DVLSP4_225 "DVLSP4_225" true true false 9 Double 3 8,First,#,VEG_R1_PLY_polygon,DVLSP4_225,-1,-1;DVLSP5_125 "DVLSP5_125" true true false 9 Double 3 8,First,#,VEG_R1_PLY_polygon,DVLSP5_125,-1,-1;DVLSP5_175 "DVLSP5_175" true true false 9 Double 3 8,First,#,VEG_R1_PLY_polygon,DVLSP5_175,-1,-1;DVLSP5_225 "DVLSP5_225" true true false 9 Double 3 8,First,#,VEG_R1_PLY_polygon,DVLSP5_225,-1,-1;DVLSP6_125 "DVLSP6_125" true true false 9 Double 3 8,First,#,VEG_R1_PLY_polygon,DVLSP6_125,-1,-1;DVLSP6_175 "DVLSP6_175" true true false 9 Double 3 8,First,#,VEG_R1_PLY_polygon,DVLSP6_175,-1,-1;DVLSP6_225 "DVLSP6_225" true true false 9 Double 3 8,First,#,VEG_R1_PLY_polygon,DVLSP6_225,-1,-1;LVLTOT_125 "LVLTOT_125" true true false 9 Double 3 8,First,#,VEG_R1_PLY_polygon,LVLTOT_125,-1,-1;LVLTOT_175 "LVLTOT_175" true true false 9 Double 3 8,First,#,VEG_R1_PLY_polygon,LVLTOT_175,-1,-1;LVLTOT_225 "LVLTOT_225" true true false 9 Double 3 8,First,#,VEG_R1_PLY_polygon,LVLTOT_225,-1,-1;DVLTOT_125 "DVLTOT_125" true true false 9 Double 3 8,First,#,VEG_R1_PLY_polygon,DVLTOT_125,-1,-1;DVLTOT_175 "DVLTOT_175" true true false 9 Double 3 8,First,#,VEG_R1_PLY_polygon,DVLTOT_175,-1,-1;DVLTOT_225 "DVLTOT_225" true true false 9 Double 3 8,First,#,VEG_R1_PLY_polygon,DVLTOT_225,-1,-1;WSTEM_BIOM "WSTEM_BIOM" true true false 9 Double 3 8,First,#,VEG_R1_PLY_polygon,WSTEM_BIOM,-1,-1;BRNCH_BIOM "BRNCH_BIOM" true true false 9 Double 3 8,First,#,VEG_R1_PLY_polygon,BRNCH_BIOM,-1,-1;FOLG_BIOM "FOLG_BIOM" true true false 9 Double 3 8,First,#,VEG_R1_PLY_polygon,FOLG_BIOM,-1,-1;BARK_BIOM "BARK_BIOM" true true false 9 Double 3 8,First,#,VEG_R1_PLY_polygon,BARK_BIOM,-1,-1;OBJECTID "OBJECTID" true true false 38 Double 0 38,First,#,VEG_R1_PLY_polygon,OBJECTID,-1,-1" #</Process><Process ToolSource="c:\program files\arcgis\pro\Resources\ArcToolbox\toolboxes\Conversion Tools.tbx\FeatureClassToFeatureClass" Date="20200316" Time="100937">FeatureClassToFeatureClass VEG_R1_PLY_polygon D:\GEOG428\FinalProject\FinalShapefiles BC_VRI.shp # "FEATURE_ID "FEATURE_ID" true true false 8 Double 0 0,First,#,VEG_R1_PLY_polygon,FEATURE_ID,-1,-1;MAP_ID "MAP_ID" true true false 7 Text 0 0,First,#,VEG_R1_PLY_polygon,MAP_ID,0,7;POLY_ID "POLY_ID" true true false 4 Long 0 0,First,#,VEG_R1_PLY_polygon,POLY_ID,-1,-1;OPEN_IND "OPEN_IND" true true false 1 Text 0 0,First,#,VEG_R1_PLY_polygon,OPEN_IND,0,1;OPEN_SRC "OPEN_SRC" true true false 5 Text 0 0,First,#,VEG_R1_PLY_polygon,OPEN_SRC,0,5;OPEN_NUM "OPEN_NUM" true true false 4 Text 0 0,First,#,VEG_R1_PLY_polygon,OPEN_NUM,0,4;FEAT_SKEY "FEAT_SKEY" true true false 8 Double 0 0,First,#,VEG_R1_PLY_polygon,FEAT_SKEY,-1,-1;INV_STD_CD "INV_STD_CD" true true false 10 Text 0 0,First,#,VEG_R1_PLY_polygon,INV_STD_CD,0,10;POLY_AREA "POLY_AREA" true true false 8 Double 0 0,First,#,VEG_R1_PLY_polygon,POLY_AREA,-1,-1;NP_DESC "NP_DESC" true true false 5 Text 0 0,First,#,VEG_R1_PLY_polygon,NP_DESC,0,5;NP_CODE "NP_CODE" true true false 10 Text 0 0,First,#,VEG_R1_PLY_polygon,NP_CODE,0,10;INPUT_DATE "INPUT_DATE" true true false 25 Text 0 0,First,#,VEG_R1_PLY_polygon,INPUT_DATE,0,25;C_I_CODE "C_I_CODE" true true false 1 Text 0 0,First,#,VEG_R1_PLY_polygon,C_I_CODE,0,1;SURF_EXP "SURF_EXP" true true false 10 Text 0 0,First,#,VEG_R1_PLY_polygon,SURF_EXP,0,10;MOD_PROCES "MOD_PROCES" true true false 10 Text 0 0,First,#,VEG_R1_PLY_polygon,MOD_PROCES,0,10;SITE_MESO "SITE_MESO" true true false 10 Text 0 0,First,#,VEG_R1_PLY_polygon,SITE_MESO,0,10;ALPN_DESIG "ALPN_DESIG" true true false 10 Text 0 0,First,#,VEG_R1_PLY_polygon,ALPN_DESIG,0,10;SOIL_NUTR "SOIL_NUTR" true true false 10 Text 0 0,First,#,VEG_R1_PLY_polygon,SOIL_NUTR,0,10;ECO_SRC_CD "ECO_SRC_CD" true true false 10 Text 0 0,First,#,VEG_R1_PLY_polygon,ECO_SRC_CD,0,10;BCLCS_LV_1 "BCLCS_LV_1" true true false 10 Text 0 0,First,#,VEG_R1_PLY_polygon,BCLCS_LV_1,0,10;BCLCS_LV_2 "BCLCS_LV_2" true true false 10 Text 0 0,First,#,VEG_R1_PLY_polygon,BCLCS_LV_2,0,10;BCLCS_LV_3 "BCLCS_LV_3" true true false 10 Text 0 0,First,#,VEG_R1_PLY_polygon,BCLCS_LV_3,0,10;BCLCS_LV_4 "BCLCS_LV_4" true true false 10 Text 0 0,First,#,VEG_R1_PLY_polygon,BCLCS_LV_4,0,10;BCLCS_LV_5 "BCLCS_LV_5" true true false 10 Text 0 0,First,#,VEG_R1_PLY_polygon,BCLCS_LV_5,0,10;INTERPRETR "INTERPRETR" true true false 30 Text 0 0,First,#,VEG_R1_PLY_polygon,INTERPRETR,0,30;INTRP_DATE "INTRP_DATE" true true false 25 Text 0 0,First,#,VEG_R1_PLY_polygon,INTRP_DATE,0,25;PROJECT_ID "PROJECT_ID" true true false 100 Text 0 0,First,#,VEG_R1_PLY_polygon,PROJECT_ID,0,100;REF_YR_ID "REF_YR_ID" true true false 4 Long 0 0,First,#,VEG_R1_PLY_polygon,REF_YR_ID,-1,-1;CRUISE_NO "CRUISE_NO" true true false 4 Long 0 0,First,#,VEG_R1_PLY_polygon,CRUISE_NO,-1,-1;CRUISE_CD "CRUISE_CD" true true false 1 Text 0 0,First,#,VEG_R1_PLY_polygon,CRUISE_CD,0,1;INV_REGION "INV_REGION" true true false 4 Long 0 0,First,#,VEG_R1_PLY_polygon,INV_REGION,-1,-1;COMPARTMNT "COMPARTMNT" true true false 4 Long 0 0,First,#,VEG_R1_PLY_polygon,COMPARTMNT,-1,-1;COMP_LET "COMP_LET" true true false 1 Text 0 0,First,#,VEG_R1_PLY_polygon,COMP_LET,0,1;FIZ_CD "FIZ_CD" true true false 1 Text 0 0,First,#,VEG_R1_PLY_polygon,FIZ_CD,0,1;FMLB "FMLB" true true false 1 Text 0 0,First,#,VEG_R1_PLY_polygon,FMLB,0,1;ATRIB_DATE "ATRIB_DATE" true true false 25 Text 0 0,First,#,VEG_R1_PLY_polygon,ATRIB_DATE,0,25;PROJ_DATE "PROJ_DATE" true true false 25 Text 0 0,First,#,VEG_R1_PLY_polygon,PROJ_DATE,0,25;SHRB_HT "SHRB_HT" true true false 4 Float 0 0,First,#,VEG_R1_PLY_polygon,SHRB_HT,-1,-1;SHRB_CC "SHRB_CC" true true false 4 Long 0 0,First,#,VEG_R1_PLY_polygon,SHRB_CC,-1,-1;SHRB_PATT "SHRB_PATT" true true false 10 Text 0 0,First,#,VEG_R1_PLY_polygon,SHRB_PATT,0,10;HERB_TYPE "HERB_TYPE" true true false 10 Text 0 0,First,#,VEG_R1_PLY_polygon,HERB_TYPE,0,10;HERB_COVER "HERB_COVER" true true false 10 Text 0 0,First,#,VEG_R1_PLY_polygon,HERB_COVER,0,10;HERB_PCT "HERB_PCT" true true false 4 Long 0 0,First,#,VEG_R1_PLY_polygon,HERB_PCT,-1,-1;BRYOID_PCT "BRYOID_PCT" true true false 4 Long 0 0,First,#,VEG_R1_PLY_polygon,BRYOID_PCT,-1,-1;NVEG_COV_1 "NVEG_COV_1" true true false 10 Text 0 0,First,#,VEG_R1_PLY_polygon,NVEG_COV_1,0,10;NVEG_PCT_1 "NVEG_PCT_1" true true false 4 Long 0 0,First,#,VEG_R1_PLY_polygon,NVEG_PCT_1,-1,-1;NVEG_TYP_1 "NVEG_TYP_1" true true false 10 Text 0 0,First,#,VEG_R1_PLY_polygon,NVEG_TYP_1,0,10;NVEG_COV_2 "NVEG_COV_2" true true false 10 Text 0 0,First,#,VEG_R1_PLY_polygon,NVEG_COV_2,0,10;NVEG_PCT_2 "NVEG_PCT_2" true true false 4 Long 0 0,First,#,VEG_R1_PLY_polygon,NVEG_PCT_2,-1,-1;NVEG_TYP_2 "NVEG_TYP_2" true true false 10 Text 0 0,First,#,VEG_R1_PLY_polygon,NVEG_TYP_2,0,10;NVEG_PCT_3 "NVEG_PCT_3" true true false 10 Text 0 0,First,#,VEG_R1_PLY_polygon,NVEG_PCT_3,0,10;NVEG_COV_3 "NVEG_COV_3" true true false 4 Long 0 0,First,#,VEG_R1_PLY_polygon,NVEG_COV_3,-1,-1;NVEG_TYP_3 "NVEG_TYP_3" true true false 10 Text 0 0,First,#,VEG_R1_PLY_polygon,NVEG_TYP_3,0,10;LAND_CD_1 "LAND_CD_1" true true false 10 Text 0 0,First,#,VEG_R1_PLY_polygon,LAND_CD_1,0,10;COV_PCT_1 "COV_PCT_1" true true false 4 Long 0 0,First,#,VEG_R1_PLY_polygon,COV_PCT_1,-1,-1;SOIL_MST_1 "SOIL_MST_1" true true false 10 Text 0 0,First,#,VEG_R1_PLY_polygon,SOIL_MST_1,0,10;LAND_CD_2 "LAND_CD_2" true true false 10 Text 0 0,First,#,VEG_R1_PLY_polygon,LAND_CD_2,0,10;COV_PCT_2 "COV_PCT_2" true true false 4 Long 0 0,First,#,VEG_R1_PLY_polygon,COV_PCT_2,-1,-1;SOIL_MST_2 "SOIL_MST_2" true true false 10 Text 0 0,First,#,VEG_R1_PLY_polygon,SOIL_MST_2,0,10;LAND_CD_3 "LAND_CD_3" true true false 10 Text 0 0,First,#,VEG_R1_PLY_polygon,LAND_CD_3,0,10;COV_PCT_3 "COV_PCT_3" true true false 4 Long 0 0,First,#,VEG_R1_PLY_polygon,COV_PCT_3,-1,-1;SOIL_MST_3 "SOIL_MST_3" true true false 10 Text 0 0,First,#,VEG_R1_PLY_polygon,SOIL_MST_3,0,10;AV_LBL_HT "AV_LBL_HT" true true false 8 Double 0 0,First,#,VEG_R1_PLY_polygon,AV_LBL_HT,-1,-1;AV_LBL_WD "AV_LBL_WD" true true false 8 Double 0 0,First,#,VEG_R1_PLY_polygon,AV_LBL_WD,-1,-1;FULL_LABEL "FULL_LABEL" true true false 254 Text 0 0,First,#,VEG_R1_PLY_polygon,FULL_LABEL,0,254;LBL_CTR_X "LBL_CTR_X" true true false 8 Double 0 0,First,#,VEG_R1_PLY_polygon,LBL_CTR_X,-1,-1;LBL_CTR_Y "LBL_CTR_Y" true true false 8 Double 0 0,First,#,VEG_R1_PLY_polygon,LBL_CTR_Y,-1,-1;LBL_HT "LBL_HT" true true false 8 Double 0 0,First,#,VEG_R1_PLY_polygon,LBL_HT,-1,-1;LBL_WIDTH "LBL_WIDTH" true true false 8 Double 0 0,First,#,VEG_R1_PLY_polygon,LBL_WIDTH,-1,-1;LBL_OPN_NO "LBL_OPN_NO" true true false 4 Text 0 0,First,#,VEG_R1_PLY_polygon,LBL_OPN_NO,0,4;LBL_OPN_CD "LBL_OPN_CD" true true false 1 Text 0 0,First,#,VEG_R1_PLY_polygon,LBL_OPN_CD,0,1;LBL_POLYID "LBL_POLYID" true true false 10 Text 0 0,First,#,VEG_R1_PLY_polygon,LBL_POLYID,0,10;LBL_SPECIS "LBL_SPECIS" true true false 50 Text 0 0,First,#,VEG_R1_PLY_polygon,LBL_SPECIS,0,50;LBL_CLS_IN "LBL_CLS_IN" true true false 12 Text 0 0,First,#,VEG_R1_PLY_polygon,LBL_CLS_IN,0,12;LBL_VEGCOV "LBL_VEGCOV" true true false 11 Text 0 0,First,#,VEG_R1_PLY_polygon,LBL_VEGCOV,0,11;LBL_HIST "LBL_HIST" true true false 10 Text 0 0,First,#,VEG_R1_PLY_polygon,LBL_HIST,0,10;LBL_DISTUR "LBL_DISTUR" true true false 1 Text 0 0,First,#,VEG_R1_PLY_polygon,LBL_DISTUR,0,1;LBL_HIS_SY "LBL_HIS_SY" true true false 39 Text 0 0,First,#,VEG_R1_PLY_polygon,LBL_HIS_SY,0,39;LBL_TEND "LBL_TEND" true true false 40 Text 0 0,First,#,VEG_R1_PLY_polygon,LBL_TEND,0,40;LBL_PLANT "LBL_PLANT" true true false 80 Text 0 0,First,#,VEG_R1_PLY_polygon,LBL_PLANT,0,80;PRINTABLE "PRINTABLE" true true false 1 Text 0 0,First,#,VEG_R1_PLY_polygon,PRINTABLE,0,1;SM_LABEL "SM_LABEL" true true false 200 Text 0 0,First,#,VEG_R1_PLY_polygon,SM_LABEL,0,200;OPEN_ID "OPEN_ID" true true false 8 Double 0 0,First,#,VEG_R1_PLY_polygon,OPEN_ID,-1,-1;ORGUNIT_NO "ORGUNIT_NO" true true false 8 Double 0 0,First,#,VEG_R1_PLY_polygon,ORGUNIT_NO,-1,-1;ORGUNIT_CD "ORGUNIT_CD" true true false 6 Text 0 0,First,#,VEG_R1_PLY_polygon,ORGUNIT_CD,0,6;ADJST_IND "ADJST_IND" true true false 1 Text 0 0,First,#,VEG_R1_PLY_polygon,ADJST_IND,0,1;BEC_ZONE "BEC_ZONE" true true false 4 Text 0 0,First,#,VEG_R1_PLY_polygon,BEC_ZONE,0,4;BEC_SZONE "BEC_SZONE" true true false 3 Text 0 0,First,#,VEG_R1_PLY_polygon,BEC_SZONE,0,3;BEC_VAR "BEC_VAR" true true false 1 Text 0 0,First,#,VEG_R1_PLY_polygon,BEC_VAR,0,1;BEC_PHSE "BEC_PHSE" true true false 1 Text 0 0,First,#,VEG_R1_PLY_polygon,BEC_PHSE,0,1;N_LOG_DIST "N_LOG_DIST" true true false 10 Text 0 0,First,#,VEG_R1_PLY_polygon,N_LOG_DIST,0,10;N_LOG_DATE "N_LOG_DATE" true true false 25 Text 0 0,First,#,VEG_R1_PLY_polygon,N_LOG_DATE,0,25;DEAD_PCT "DEAD_PCT" true true false 4 Long 0 0,First,#,VEG_R1_PLY_polygon,DEAD_PCT,-1,-1;FTG_IND "FTG_IND" true true false 1 Text 0 0,First,#,VEG_R1_PLY_polygon,FTG_IND,0,1;HRVSTDT "HRVSTDT" true true false 25 Text 0 0,First,#,VEG_R1_PLY_polygon,HRVSTDT,0,25;AREA_SQM "AREA_SQM" true true false 8 Double 0 0,First,#,VEG_R1_PLY_polygon,AREA_SQM,-1,-1;FEAT_LEN "FEAT_LEN" true true false 8 Double 0 0,First,#,VEG_R1_PLY_polygon,FEAT_LEN,-1,-1;LAYER_ID "LAYER_ID" true true false 10 Text 0 0,First,#,VEG_R1_PLY_polygon,LAYER_ID,0,10;RANK_CD "RANK_CD" true true false 10 Text 0 0,First,#,VEG_R1_PLY_polygon,RANK_CD,0,10;NFOR_DESC "NFOR_DESC" true true false 10 Text 0 0,First,#,VEG_R1_PLY_polygon,NFOR_DESC,0,10;INTERP_CD "INTERP_CD" true true false 10 Text 0 0,First,#,VEG_R1_PLY_polygon,INTERP_CD,0,10;Q_DIAM_125 "Q_DIAM_125" true true false 8 Double 0 0,First,#,VEG_R1_PLY_polygon,Q_DIAM_125,-1,-1;Q_DIAM_175 "Q_DIAM_175" true true false 8 Double 0 0,First,#,VEG_R1_PLY_polygon,Q_DIAM_175,-1,-1;Q_DIAM_225 "Q_DIAM_225" true true false 8 Double 0 0,First,#,VEG_R1_PLY_polygon,Q_DIAM_225,-1,-1;EST_SI_SPC "EST_SI_SPC" true true false 10 Text 0 0,First,#,VEG_R1_PLY_polygon,EST_SI_SPC,0,10;EST_SI "EST_SI" true true false 4 Float 0 0,First,#,VEG_R1_PLY_polygon,EST_SI,-1,-1;SI_DATA_CD "SI_DATA_CD" true true false 10 Text 0 0,First,#,VEG_R1_PLY_polygon,SI_DATA_CD,0,10;CR_CLOSURE "CR_CLOSURE" true true false 4 Long 0 0,First,#,VEG_R1_PLY_polygon,CR_CLOSURE,-1,-1;CC_CLASS "CC_CLASS" true true false 2 Text 0 0,First,#,VEG_R1_PLY_polygon,CC_CLASS,0,2;REF_DATE "REF_DATE" true true false 25 Text 0 0,First,#,VEG_R1_PLY_polygon,REF_DATE,0,25;SITE_INDEX "SITE_INDEX" true true false 4 Float 0 0,First,#,VEG_R1_PLY_polygon,SITE_INDEX,-1,-1;DBH_LIMIT "DBH_LIMIT" true true false 4 Long 0 0,First,#,VEG_R1_PLY_polygon,DBH_LIMIT,-1,-1;BASAL_AREA "BASAL_AREA" true true false 8 Double 0 0,First,#,VEG_R1_PLY_polygon,BASAL_AREA,-1,-1;B_A_DTA_CD "B_A_DTA_CD" true true false 10 Text 0 0,First,#,VEG_R1_PLY_polygon,B_A_DTA_CD,0,10;LIVE_STEMS "LIVE_STEMS" true true false 4 Long 0 0,First,#,VEG_R1_PLY_polygon,LIVE_STEMS,-1,-1;STEM_HA_CD "STEM_HA_CD" true true false 10 Text 0 0,First,#,VEG_R1_PLY_polygon,STEM_HA_CD,0,10;DEAD_STEMS "DEAD_STEMS" true true false 4 Long 0 0,First,#,VEG_R1_PLY_polygon,DEAD_STEMS,-1,-1;TREE_PATRN "TREE_PATRN" true true false 10 Text 0 0,First,#,VEG_R1_PLY_polygon,TREE_PATRN,0,10;VERT_COMPL "VERT_COMPL" true true false 10 Text 0 0,First,#,VEG_R1_PLY_polygon,VERT_COMPL,0,10;SPEC_CD_1 "SPEC_CD_1" true true false 10 Text 0 0,First,#,VEG_R1_PLY_polygon,SPEC_CD_1,0,10;SPEC_PCT_1 "SPEC_PCT_1" true true false 4 Float 0 0,First,#,VEG_R1_PLY_polygon,SPEC_PCT_1,-1,-1;SPEC_CD_2 "SPEC_CD_2" true true false 10 Text 0 0,First,#,VEG_R1_PLY_polygon,SPEC_CD_2,0,10;SPEC_PCT_2 "SPEC_PCT_2" true true false 4 Float 0 0,First,#,VEG_R1_PLY_polygon,SPEC_PCT_2,-1,-1;SPEC_CD_3 "SPEC_CD_3" true true false 10 Text 0 0,First,#,VEG_R1_PLY_polygon,SPEC_CD_3,0,10;SPEC_PCT_3 "SPEC_PCT_3" true true false 4 Float 0 0,First,#,VEG_R1_PLY_polygon,SPEC_PCT_3,-1,-1;SPEC_CD_4 "SPEC_CD_4" true true false 10 Text 0 0,First,#,VEG_R1_PLY_polygon,SPEC_CD_4,0,10;SPEC_PCT_4 "SPEC_PCT_4" true true false 4 Float 0 0,First,#,VEG_R1_PLY_polygon,SPEC_PCT_4,-1,-1;SPEC_CD_5 "SPEC_CD_5" true true false 10 Text 0 0,First,#,VEG_R1_PLY_polygon,SPEC_CD_5,0,10;SPEC_PCT_5 "SPEC_PCT_5" true true false 4 Float 0 0,First,#,VEG_R1_PLY_polygon,SPEC_PCT_5,-1,-1;SPEC_CD_6 "SPEC_CD_6" true true false 10 Text 0 0,First,#,VEG_R1_PLY_polygon,SPEC_CD_6,0,10;SPEC_PCT_6 "SPEC_PCT_6" true true false 4 Float 0 0,First,#,VEG_R1_PLY_polygon,SPEC_PCT_6,-1,-1;PROJ_AGE_1 "PROJ_AGE_1" true true false 4 Long 0 0,First,#,VEG_R1_PLY_polygon,PROJ_AGE_1,-1,-1;P_AGE_CS_1 "P_AGE_CS_1" true true false 1 Text 0 0,First,#,VEG_R1_PLY_polygon,P_AGE_CS_1,0,1;PROJ_AGE_2 "PROJ_AGE_2" true true false 4 Long 0 0,First,#,VEG_R1_PLY_polygon,PROJ_AGE_2,-1,-1;P_AGE_CS_2 "P_AGE_CS_2" true true false 1 Text 0 0,First,#,VEG_R1_PLY_polygon,P_AGE_CS_2,0,1;AGE_DTA_CD "AGE_DTA_CD" true true false 10 Text 0 0,First,#,VEG_R1_PLY_polygon,AGE_DTA_CD,0,10;PROJ_HT_1 "PROJ_HT_1" true true false 4 Float 0 0,First,#,VEG_R1_PLY_polygon,PROJ_HT_1,-1,-1;P_HT_CAS_1 "P_HT_CAS_1" true true false 1 Text 0 0,First,#,VEG_R1_PLY_polygon,P_HT_CAS_1,0,1;PROJ_HT_2 "PROJ_HT_2" true true false 4 Float 0 0,First,#,VEG_R1_PLY_polygon,PROJ_HT_2,-1,-1;P_HT_CAS_2 "P_HT_CAS_2" true true false 1 Text 0 0,First,#,VEG_R1_PLY_polygon,P_HT_CAS_2,0,1;HT_DATA_CD "HT_DATA_CD" true true false 10 Text 0 0,First,#,VEG_R1_PLY_polygon,HT_DATA_CD,0,10;LVLSP1_125 "LVLSP1_125" true true false 8 Double 0 0,First,#,VEG_R1_PLY_polygon,LVLSP1_125,-1,-1;LVLSP1_175 "LVLSP1_175" true true false 8 Double 0 0,First,#,VEG_R1_PLY_polygon,LVLSP1_175,-1,-1;LVLSP1_225 "LVLSP1_225" true true false 8 Double 0 0,First,#,VEG_R1_PLY_polygon,LVLSP1_225,-1,-1;LVLSP2_125 "LVLSP2_125" true true false 8 Double 0 0,First,#,VEG_R1_PLY_polygon,LVLSP2_125,-1,-1;LVLSP2_175 "LVLSP2_175" true true false 8 Double 0 0,First,#,VEG_R1_PLY_polygon,LVLSP2_175,-1,-1;LVLSP2_225 "LVLSP2_225" true true false 8 Double 0 0,First,#,VEG_R1_PLY_polygon,LVLSP2_225,-1,-1;LVLSP3_125 "LVLSP3_125" true true false 8 Double 0 0,First,#,VEG_R1_PLY_polygon,LVLSP3_125,-1,-1;LVLSP3_175 "LVLSP3_175" true true false 8 Double 0 0,First,#,VEG_R1_PLY_polygon,LVLSP3_175,-1,-1;LVLSP3_225 "LVLSP3_225" true true false 8 Double 0 0,First,#,VEG_R1_PLY_polygon,LVLSP3_225,-1,-1;LVLSP4_125 "LVLSP4_125" true true false 8 Double 0 0,First,#,VEG_R1_PLY_polygon,LVLSP4_125,-1,-1;LVLSP4_175 "LVLSP4_175" true true false 8 Double 0 0,First,#,VEG_R1_PLY_polygon,LVLSP4_175,-1,-1;LVLSP4_225 "LVLSP4_225" true true false 8 Double 0 0,First,#,VEG_R1_PLY_polygon,LVLSP4_225,-1,-1;LVLSP5_125 "LVLSP5_125" true true false 8 Double 0 0,First,#,VEG_R1_PLY_polygon,LVLSP5_125,-1,-1;LVLSP5_175 "LVLSP5_175" true true false 8 Double 0 0,First,#,VEG_R1_PLY_polygon,LVLSP5_175,-1,-1;LVLSP5_225 "LVLSP5_225" true true false 8 Double 0 0,First,#,VEG_R1_PLY_polygon,LVLSP5_225,-1,-1;LVLSP6_125 "LVLSP6_125" true true false 8 Double 0 0,First,#,VEG_R1_PLY_polygon,LVLSP6_125,-1,-1;LVLSP6_175 "LVLSP6_175" true true false 8 Double 0 0,First,#,VEG_R1_PLY_polygon,LVLSP6_175,-1,-1;LVLSP6_225 "LVLSP6_225" true true false 8 Double 0 0,First,#,VEG_R1_PLY_polygon,LVLSP6_225,-1,-1;DVLSP1_125 "DVLSP1_125" true true false 8 Double 0 0,First,#,VEG_R1_PLY_polygon,DVLSP1_125,-1,-1;DVLSP1_175 "DVLSP1_175" true true false 8 Double 0 0,First,#,VEG_R1_PLY_polygon,DVLSP1_175,-1,-1;DVLSP1_225 "DVLSP1_225" true true false 8 Double 0 0,First,#,VEG_R1_PLY_polygon,DVLSP1_225,-1,-1;DVLSP2_125 "DVLSP2_125" true true false 8 Double 0 0,First,#,VEG_R1_PLY_polygon,DVLSP2_125,-1,-1;DVLSP2_175 "DVLSP2_175" true true false 8 Double 0 0,First,#,VEG_R1_PLY_polygon,DVLSP2_175,-1,-1;DVLSP2_225 "DVLSP2_225" true true false 8 Double 0 0,First,#,VEG_R1_PLY_polygon,DVLSP2_225,-1,-1;DVLSP3_125 "DVLSP3_125" true true false 8 Double 0 0,First,#,VEG_R1_PLY_polygon,DVLSP3_125,-1,-1;DVLSP3_175 "DVLSP3_175" true true false 8 Double 0 0,First,#,VEG_R1_PLY_polygon,DVLSP3_175,-1,-1;DVLSP3_225 "DVLSP3_225" true true false 8 Double 0 0,First,#,VEG_R1_PLY_polygon,DVLSP3_225,-1,-1;DVLSP4_125 "DVLSP4_125" true true false 8 Double 0 0,First,#,VEG_R1_PLY_polygon,DVLSP4_125,-1,-1;DVLSP4_175 "DVLSP4_175" true true false 8 Double 0 0,First,#,VEG_R1_PLY_polygon,DVLSP4_175,-1,-1;DVLSP4_225 "DVLSP4_225" true true false 8 Double 0 0,First,#,VEG_R1_PLY_polygon,DVLSP4_225,-1,-1;DVLSP5_125 "DVLSP5_125" true true false 8 Double 0 0,First,#,VEG_R1_PLY_polygon,DVLSP5_125,-1,-1;DVLSP5_175 "DVLSP5_175" true true false 8 Double 0 0,First,#,VEG_R1_PLY_polygon,DVLSP5_175,-1,-1;DVLSP5_225 "DVLSP5_225" true true false 8 Double 0 0,First,#,VEG_R1_PLY_polygon,DVLSP5_225,-1,-1;DVLSP6_125 "DVLSP6_125" true true false 8 Double 0 0,First,#,VEG_R1_PLY_polygon,DVLSP6_125,-1,-1;DVLSP6_175 "DVLSP6_175" true true false 8 Double 0 0,First,#,VEG_R1_PLY_polygon,DVLSP6_175,-1,-1;DVLSP6_225 "DVLSP6_225" true true false 8 Double 0 0,First,#,VEG_R1_PLY_polygon,DVLSP6_225,-1,-1;LVLTOT_125 "LVLTOT_125" true true false 8 Double 0 0,First,#,VEG_R1_PLY_polygon,LVLTOT_125,-1,-1;LVLTOT_175 "LVLTOT_175" true true false 8 Double 0 0,First,#,VEG_R1_PLY_polygon,LVLTOT_175,-1,-1;LVLTOT_225 "LVLTOT_225" true true false 8 Double 0 0,First,#,VEG_R1_PLY_polygon,LVLTOT_225,-1,-1;DVLTOT_125 "DVLTOT_125" true true false 8 Double 0 0,First,#,VEG_R1_PLY_polygon,DVLTOT_125,-1,-1;DVLTOT_175 "DVLTOT_175" true true false 8 Double 0 0,First,#,VEG_R1_PLY_polygon,DVLTOT_175,-1,-1;DVLTOT_225 "DVLTOT_225" true true false 8 Double 0 0,First,#,VEG_R1_PLY_polygon,DVLTOT_225,-1,-1;WSTEM_BIOM "WSTEM_BIOM" true true false 8 Double 0 0,First,#,VEG_R1_PLY_polygon,WSTEM_BIOM,-1,-1;BRNCH_BIOM "BRNCH_BIOM" true true false 8 Double 0 0,First,#,VEG_R1_PLY_polygon,BRNCH_BIOM,-1,-1;FOLG_BIOM "FOLG_BIOM" true true false 8 Double 0 0,First,#,VEG_R1_PLY_polygon,FOLG_BIOM,-1,-1;BARK_BIOM "BARK_BIOM" true true false 8 Double 0 0,First,#,VEG_R1_PLY_polygon,BARK_BIOM,-1,-1;OBJECTID "OBJECTID" true true false 8 Double 0 0,First,#,VEG_R1_PLY_polygon,OBJECTID,-1,-1;Shape_Leng "Shape_Length" false true true 8 Double 0 0,First,#,VEG_R1_PLY_polygon,Shape_Length,-1,-1;Shape_Area "Shape_Area" false true true 8 Double 0 0,First,#,VEG_R1_PLY_polygon,Shape_Area,-1,-1" #</Process></lineage></DataProperties><SyncDate>20200316</SyncDate><SyncTime>10084700</SyncTime><ModDate>20200316</ModDate><ModTime>10084700</ModTime></Esri><dataIdInfo><envirDesc Sync="TRUE">Microsoft Windows 10 Version 10.0 (Build 17763) ; Esri ArcGIS 12.4.2.19948</envirDesc><dataLang><languageCode value="eng" Sync="TRUE"></languageCode><countryCode value="CAN" Sync="TRUE"></countryCode></dataLang><idCitation><resTitle Sync="TRUE">BC_VRI</resTitle><presForm><PresFormCd value="005" Sync="TRUE"></PresFormCd></presForm></idCitation><spatRpType><SpatRepTypCd value="001" Sync="TRUE"></SpatRepTypCd></spatRpType></dataIdInfo><mdLang><languageCode value="eng" Sync="TRUE"></languageCode><countryCode value="CAN" Sync="TRUE"></countryCode></mdLang><distInfo><distFormat><formatName Sync="TRUE">Shapefile</formatName></distFormat><distTranOps><transSize Sync="TRUE">0.000</transSize></distTranOps></distInfo><mdHrLv><ScopeCd value="005" Sync="TRUE"></ScopeCd></mdHrLv><mdHrLvName Sync="TRUE">dataset</mdHrLvName><refSysInfo><RefSystem><refSysID><identCode code="3005" Sync="TRUE"></identCode><idCodeSpace Sync="TRUE">EPSG</idCodeSpace><idVersion Sync="TRUE">6.11(9.0.0)</idVersion></refSysID></RefSystem></refSysInfo><spatRepInfo><VectSpatRep><geometObjs Name="BC_VRI"><geoObjTyp><GeoObjTypCd value="002" Sync="TRUE"></GeoObjTypCd></geoObjTyp><geoObjCnt Sync="TRUE">0</geoObjCnt></geometObjs><topLvl><TopoLevCd value="001" Sync="TRUE"></TopoLevCd></topLvl></VectSpatRep></spatRepInfo><spdoinfo><ptvctinf><esriterm Name="BC_VRI"><efeatyp Sync="TRUE">Simple</efeatyp><efeageom code="4" Sync="TRUE"></efeageom><esritopo Sync="TRUE">FALSE</esritopo><efeacnt Sync="TRUE">0</efeacnt><spindex Sync="TRUE">FALSE</spindex><linrefer Sync="TRUE">FALSE</linrefer></esriterm></ptvctinf></spdoinfo><eainfo><detailed Name="BC_VRI"><enttyp><enttypl Sync="TRUE">BC_VRI</enttypl><enttypt Sync="TRUE">Feature Class</enttypt><enttypc Sync="TRUE">0</enttypc></enttyp><attr><attrlabl Sync="TRUE">FID</attrlabl><attalias Sync="TRUE">FID</attalias><attrtype Sync="TRUE">OID</attrtype><attwidth Sync="TRUE">4</attwidth><atprecis Sync="TRUE">0</atprecis><attscale Sync="TRUE">0</attscale><attrdef Sync="TRUE">Internal feature number.</attrdef><attrdefs Sync="TRUE">Esri</attrdefs><attrdomv><udom Sync="TRUE">Sequential unique whole numbers that are automatically generated.</udom></attrdomv></attr><attr><attrlabl Sync="TRUE">Shape</attrlabl><attalias Sync="TRUE">Shape</attalias><attrtype Sync="TRUE">Geometry</attrtype><attwidth Sync="TRUE">0</attwidth><atprecis Sync="TRUE">0</atprecis><attscale Sync="TRUE">0</attscale><attrdef Sync="TRUE">Feature geometry.</attrdef><attrdefs Sync="TRUE">Esri</attrdefs><attrdomv><udom Sync="TRUE">Coordinates defining the features.</udom></attrdomv></attr><attr><attrlabl Sync="TRUE">FEATURE_ID</attrlabl><attalias Sync="TRUE">FEATURE_ID</attalias><attrtype Sync="TRUE">Double</attrtype><attwidth Sync="TRUE">19</attwidth><atprecis Sync="TRUE">0</atprecis><attscale Sync="TRUE">0</attscale></attr><attr><attrlabl Sync="TRUE">MAP_ID</attrlabl><attalias Sync="TRUE">MAP_ID</attalias><attrtype Sync="TRUE">String</attrtype><attwidth Sync="TRUE">7</attwidth><atprecis Sync="TRUE">0</atprecis><attscale Sync="TRUE">0</attscale></attr><attr><attrlabl Sync="TRUE">POLY_ID</attrlabl><attalias Sync="TRUE">POLY_ID</attalias><attrtype Sync="TRUE">Integer</attrtype><attwidth Sync="TRUE">10</attwidth><atprecis Sync="TRUE">10</atprecis><attscale Sync="TRUE">0</attscale></attr><attr><attrlabl Sync="TRUE">OPEN_IND</attrlabl><attalias Sync="TRUE">OPEN_IND</attalias><attrtype Sync="TRUE">String</attrtype><attwidth Sync="TRUE">1</attwidth><atprecis Sync="TRUE">0</atprecis><attscale Sync="TRUE">0</attscale></attr><attr><attrlabl Sync="TRUE">OPEN_SRC</attrlabl><attalias Sync="TRUE">OPEN_SRC</attalias><attrtype Sync="TRUE">String</attrtype><attwidth Sync="TRUE">5</attwidth><atprecis Sync="TRUE">0</atprecis><attscale Sync="TRUE">0</attscale></attr><attr><attrlabl Sync="TRUE">OPEN_NUM</attrlabl><attalias Sync="TRUE">OPEN_NUM</attalias><attrtype Sync="TRUE">String</attrtype><attwidth Sync="TRUE">4</attwidth><atprecis Sync="TRUE">0</atprecis><attscale Sync="TRUE">0</attscale></attr><attr><attrlabl Sync="TRUE">FEAT_SKEY</attrlabl><attalias Sync="TRUE">FEAT_SKEY</attalias><attrtype Sync="TRUE">Double</attrtype><attwidth Sync="TRUE">19</attwidth><atprecis Sync="TRUE">0</atprecis><attscale Sync="TRUE">0</attscale></attr><attr><attrlabl Sync="TRUE">INV_STD_CD</attrlabl><attalias Sync="TRUE">INV_STD_CD</attalias><attrtype Sync="TRUE">String</attrtype><attwidth Sync="TRUE">10</attwidth><atprecis Sync="TRUE">0</atprecis><attscale Sync="TRUE">0</attscale></attr><attr><attrlabl Sync="TRUE">POLY_AREA</attrlabl><attalias Sync="TRUE">POLY_AREA</attalias><attrtype Sync="TRUE">Double</attrtype><attwidth Sync="TRUE">19</attwidth><atprecis Sync="TRUE">0</atprecis><attscale Sync="TRUE">0</attscale></attr><attr><attrlabl Sync="TRUE">NP_DESC</attrlabl><attalias Sync="TRUE">NP_DESC</attalias><attrtype Sync="TRUE">String</attrtype><attwidth Sync="TRUE">5</attwidth><atprecis Sync="TRUE">0</atprecis><attscale Sync="TRUE">0</attscale></attr><attr><attrlabl Sync="TRUE">NP_CODE</attrlabl><attalias Sync="TRUE">NP_CODE</attalias><attrtype Sync="TRUE">String</attrtype><attwidth Sync="TRUE">10</attwidth><atprecis Sync="TRUE">0</atprecis><attscale Sync="TRUE">0</attscale></attr><attr><attrlabl Sync="TRUE">INPUT_DATE</attrlabl><attalias Sync="TRUE">INPUT_DATE</attalias><attrtype Sync="TRUE">String</attrtype><attwidth Sync="TRUE">25</attwidth><atprecis Sync="TRUE">0</atprecis><attscale Sync="TRUE">0</attscale></attr><attr><attrlabl Sync="TRUE">C_I_CODE</attrlabl><attalias Sync="TRUE">C_I_CODE</attalias><attrtype Sync="TRUE">String</attrtype><attwidth Sync="TRUE">1</attwidth><atprecis Sync="TRUE">0</atprecis><attscale Sync="TRUE">0</attscale></attr><attr><attrlabl Sync="TRUE">SURF_EXP</attrlabl><attalias Sync="TRUE">SURF_EXP</attalias><attrtype Sync="TRUE">String</attrtype><attwidth Sync="TRUE">10</attwidth><atprecis Sync="TRUE">0</atprecis><attscale Sync="TRUE">0</attscale></attr><attr><attrlabl Sync="TRUE">MOD_PROCES</attrlabl><attalias Sync="TRUE">MOD_PROCES</attalias><attrtype Sync="TRUE">String</attrtype><attwidth Sync="TRUE">10</attwidth><atprecis Sync="TRUE">0</atprecis><attscale Sync="TRUE">0</attscale></attr><attr><attrlabl Sync="TRUE">SITE_MESO</attrlabl><attalias Sync="TRUE">SITE_MESO</attalias><attrtype Sync="TRUE">String</attrtype><attwidth Sync="TRUE">10</attwidth><atprecis Sync="TRUE">0</atprecis><attscale Sync="TRUE">0</attscale></attr><attr><attrlabl Sync="TRUE">ALPN_DESIG</attrlabl><attalias Sync="TRUE">ALPN_DESIG</attalias><attrtype Sync="TRUE">String</attrtype><attwidth Sync="TRUE">10</attwidth><atprecis Sync="TRUE">0</atprecis><attscale Sync="TRUE">0</attscale></attr><attr><attrlabl Sync="TRUE">SOIL_NUTR</attrlabl><attalias Sync="TRUE">SOIL_NUTR</attalias><attrtype Sync="TRUE">String</attrtype><attwidth Sync="TRUE">10</attwidth><atprecis Sync="TRUE">0</atprecis><attscale Sync="TRUE">0</attscale></attr><attr><attrlabl Sync="TRUE">ECO_SRC_CD</attrlabl><attalias Sync="TRUE">ECO_SRC_CD</attalias><attrtype Sync="TRUE">String</attrtype><attwidth Sync="TRUE">10</attwidth><atprecis Sync="TRUE">0</atprecis><attscale Sync="TRUE">0</attscale></attr><attr><attrlabl Sync="TRUE">BCLCS_LV_1</attrlabl><attalias Sync="TRUE">BCLCS_LV_1</attalias><attrtype Sync="TRUE">String</attrtype><attwidth Sync="TRUE">10</attwidth><atprecis Sync="TRUE">0</atprecis><attscale Sync="TRUE">0</attscale></attr><attr><attrlabl Sync="TRUE">BCLCS_LV_2</attrlabl><attalias Sync="TRUE">BCLCS_LV_2</attalias><attrtype Sync="TRUE">String</attrtype><attwidth Sync="TRUE">10</attwidth><atprecis Sync="TRUE">0</atprecis><attscale Sync="TRUE">0</attscale></attr><attr><attrlabl Sync="TRUE">BCLCS_LV_3</attrlabl><attalias Sync="TRUE">BCLCS_LV_3</attalias><attrtype Sync="TRUE">String</attrtype><attwidth Sync="TRUE">10</attwidth><atprecis Sync="TRUE">0</atprecis><attscale Sync="TRUE">0</attscale></attr><attr><attrlabl Sync="TRUE">BCLCS_LV_4</attrlabl><attalias Sync="TRUE">BCLCS_LV_4</attalias><attrtype Sync="TRUE">String</attrtype><attwidth Sync="TRUE">10</attwidth><atprecis Sync="TRUE">0</atprecis><attscale Sync="TRUE">0</attscale></attr><attr><attrlabl Sync="TRUE">BCLCS_LV_5</attrlabl><attalias Sync="TRUE">BCLCS_LV_5</attalias><attrtype Sync="TRUE">String</attrtype><attwidth Sync="TRUE">10</attwidth><atprecis Sync="TRUE">0</atprecis><attscale Sync="TRUE">0</attscale></attr><attr><attrlabl Sync="TRUE">INTERPRETR</attrlabl><attalias Sync="TRUE">INTERPRETR</attalias><attrtype Sync="TRUE">String</attrtype><attwidth Sync="TRUE">30</attwidth><atprecis Sync="TRUE">0</atprecis><attscale Sync="TRUE">0</attscale></attr><attr><attrlabl Sync="TRUE">INTRP_DATE</attrlabl><attalias Sync="TRUE">INTRP_DATE</attalias><attrtype Sync="TRUE">String</attrtype><attwidth Sync="TRUE">25</attwidth><atprecis Sync="TRUE">0</atprecis><attscale Sync="TRUE">0</attscale></attr><attr><attrlabl Sync="TRUE">PROJECT_ID</attrlabl><attalias Sync="TRUE">PROJECT_ID</attalias><attrtype Sync="TRUE">String</attrtype><attwidth Sync="TRUE">100</attwidth><atprecis Sync="TRUE">0</atprecis><attscale Sync="TRUE">0</attscale></attr><attr><attrlabl Sync="TRUE">REF_YR_ID</attrlabl><attalias Sync="TRUE">REF_YR_ID</attalias><attrtype Sync="TRUE">Integer</attrtype><attwidth Sync="TRUE">10</attwidth><atprecis Sync="TRUE">10</atprecis><attscale Sync="TRUE">0</attscale></attr><attr><attrlabl Sync="TRUE">CRUISE_NO</attrlabl><attalias Sync="TRUE">CRUISE_NO</attalias><attrtype Sync="TRUE">Integer</attrtype><attwidth Sync="TRUE">10</attwidth><atprecis Sync="TRUE">10</atprecis><attscale Sync="TRUE">0</attscale></attr><attr><attrlabl Sync="TRUE">CRUISE_CD</attrlabl><attalias Sync="TRUE">CRUISE_CD</attalias><attrtype Sync="TRUE">String</attrtype><attwidth Sync="TRUE">1</attwidth><atprecis Sync="TRUE">0</atprecis><attscale Sync="TRUE">0</attscale></attr><attr><attrlabl Sync="TRUE">INV_REGION</attrlabl><attalias Sync="TRUE">INV_REGION</attalias><attrtype Sync="TRUE">Integer</attrtype><attwidth Sync="TRUE">10</attwidth><atprecis Sync="TRUE">10</atprecis><attscale Sync="TRUE">0</attscale></attr><attr><attrlabl Sync="TRUE">COMPARTMNT</attrlabl><attalias Sync="TRUE">COMPARTMNT</attalias><attrtype Sync="TRUE">Integer</attrtype><attwidth Sync="TRUE">10</attwidth><atprecis Sync="TRUE">10</atprecis><attscale Sync="TRUE">0</attscale></attr><attr><attrlabl Sync="TRUE">COMP_LET</attrlabl><attalias Sync="TRUE">COMP_LET</attalias><attrtype Sync="TRUE">String</attrtype><attwidth Sync="TRUE">1</attwidth><atprecis Sync="TRUE">0</atprecis><attscale Sync="TRUE">0</attscale></attr><attr><attrlabl Sync="TRUE">FIZ_CD</attrlabl><attalias Sync="TRUE">FIZ_CD</attalias><attrtype Sync="TRUE">String</attrtype><attwidth Sync="TRUE">1</attwidth><atprecis Sync="TRUE">0</atprecis><attscale Sync="TRUE">0</attscale></attr><attr><attrlabl Sync="TRUE">FMLB</attrlabl><attalias Sync="TRUE">FMLB</attalias><attrtype Sync="TRUE">String</attrtype><attwidth Sync="TRUE">1</attwidth><atprecis Sync="TRUE">0</atprecis><attscale Sync="TRUE">0</attscale></attr><attr><attrlabl Sync="TRUE">ATRIB_DATE</attrlabl><attalias Sync="TRUE">ATRIB_DATE</attalias><attrtype Sync="TRUE">String</attrtype><attwidth Sync="TRUE">25</attwidth><atprecis Sync="TRUE">0</atprecis><attscale Sync="TRUE">0</attscale></attr><attr><attrlabl Sync="TRUE">PROJ_DATE</attrlabl><attalias Sync="TRUE">PROJ_DATE</attalias><attrtype Sync="TRUE">String</attrtype><attwidth Sync="TRUE">25</attwidth><atprecis Sync="TRUE">0</atprecis><attscale Sync="TRUE">0</attscale></attr><attr><attrlabl Sync="TRUE">SHRB_HT</attrlabl><attalias Sync="TRUE">SHRB_HT</attalias><attrtype Sync="TRUE">Single</attrtype><attwidth Sync="TRUE">13</attwidth><atprecis Sync="TRUE">0</atprecis><attscale Sync="TRUE">0</attscale></attr><attr><attrlabl Sync="TRUE">SHRB_CC</attrlabl><attalias Sync="TRUE">SHRB_CC</attalias><attrtype Sync="TRUE">Integer</attrtype><attwidth Sync="TRUE">10</attwidth><atprecis Sync="TRUE">10</atprecis><attscale Sync="TRUE">0</attscale></attr><attr><attrlabl Sync="TRUE">SHRB_PATT</attrlabl><attalias Sync="TRUE">SHRB_PATT</attalias><attrtype Sync="TRUE">String</attrtype><attwidth Sync="TRUE">10</attwidth><atprecis Sync="TRUE">0</atprecis><attscale Sync="TRUE">0</attscale></attr><attr><attrlabl Sync="TRUE">HERB_TYPE</attrlabl><attalias Sync="TRUE">HERB_TYPE</attalias><attrtype Sync="TRUE">String</attrtype><attwidth Sync="TRUE">10</attwidth><atprecis Sync="TRUE">0</atprecis><attscale Sync="TRUE">0</attscale></attr><attr><attrlabl Sync="TRUE">HERB_COVER</attrlabl><attalias Sync="TRUE">HERB_COVER</attalias><attrtype Sync="TRUE">String</attrtype><attwidth Sync="TRUE">10</attwidth><atprecis Sync="TRUE">0</atprecis><attscale Sync="TRUE">0</attscale></attr><attr><attrlabl Sync="TRUE">HERB_PCT</attrlabl><attalias Sync="TRUE">HERB_PCT</attalias><attrtype Sync="TRUE">Integer</attrtype><attwidth Sync="TRUE">10</attwidth><atprecis Sync="TRUE">10</atprecis><attscale Sync="TRUE">0</attscale></attr><attr><attrlabl Sync="TRUE">BRYOID_PCT</attrlabl><attalias Sync="TRUE">BRYOID_PCT</attalias><attrtype Sync="TRUE">Integer</attrtype><attwidth Sync="TRUE">10</attwidth><atprecis Sync="TRUE">10</atprecis><attscale Sync="TRUE">0</attscale></attr><attr><attrlabl Sync="TRUE">NVEG_COV_1</attrlabl><attalias Sync="TRUE">NVEG_COV_1</attalias><attrtype Sync="TRUE">String</attrtype><attwidth Sync="TRUE">10</attwidth><atprecis Sync="TRUE">0</atprecis><attscale Sync="TRUE">0</attscale></attr><attr><attrlabl Sync="TRUE">NVEG_PCT_1</attrlabl><attalias Sync="TRUE">NVEG_PCT_1</attalias><attrtype Sync="TRUE">Integer</attrtype><attwidth Sync="TRUE">10</attwidth><atprecis Sync="TRUE">10</atprecis><attscale Sync="TRUE">0</attscale></attr><attr><attrlabl Sync="TRUE">NVEG_TYP_1</attrlabl><attalias Sync="TRUE">NVEG_TYP_1</attalias><attrtype Sync="TRUE">String</attrtype><attwidth Sync="TRUE">10</attwidth><atprecis Sync="TRUE">0</atprecis><attscale Sync="TRUE">0</attscale></attr><attr><attrlabl Sync="TRUE">NVEG_COV_2</attrlabl><attalias Sync="TRUE">NVEG_COV_2</attalias><attrtype Sync="TRUE">String</attrtype><attwidth Sync="TRUE">10</attwidth><atprecis Sync="TRUE">0</atprecis><attscale Sync="TRUE">0</attscale></attr><attr><attrlabl Sync="TRUE">NVEG_PCT_2</attrlabl><attalias Sync="TRUE">NVEG_PCT_2</attalias><attrtype Sync="TRUE">Integer</attrtype><attwidth Sync="TRUE">10</attwidth><atprecis Sync="TRUE">10</atprecis><attscale Sync="TRUE">0</attscale></attr><attr><attrlabl Sync="TRUE">NVEG_TYP_2</attrlabl><attalias Sync="TRUE">NVEG_TYP_2</attalias><attrtype Sync="TRUE">String</attrtype><attwidth Sync="TRUE">10</attwidth><atprecis Sync="TRUE">0</atprecis><attscale Sync="TRUE">0</attscale></attr><attr><attrlabl Sync="TRUE">NVEG_PCT_3</attrlabl><attalias Sync="TRUE">NVEG_PCT_3</attalias><attrtype Sync="TRUE">String</attrtype><attwidth Sync="TRUE">10</attwidth><atprecis Sync="TRUE">0</atprecis><attscale Sync="TRUE">0</attscale></attr><attr><attrlabl Sync="TRUE">NVEG_COV_3</attrlabl><attalias Sync="TRUE">NVEG_COV_3</attalias><attrtype Sync="TRUE">Integer</attrtype><attwidth Sync="TRUE">10</attwidth><atprecis Sync="TRUE">10</atprecis><attscale Sync="TRUE">0</attscale></attr><attr><attrlabl Sync="TRUE">NVEG_TYP_3</attrlabl><attalias Sync="TRUE">NVEG_TYP_3</attalias><attrtype Sync="TRUE">String</attrtype><attwidth Sync="TRUE">10</attwidth><atprecis Sync="TRUE">0</atprecis><attscale Sync="TRUE">0</attscale></attr><attr><attrlabl Sync="TRUE">LAND_CD_1</attrlabl><attalias Sync="TRUE">LAND_CD_1</attalias><attrtype Sync="TRUE">String</attrtype><attwidth Sync="TRUE">10</attwidth><atprecis Sync="TRUE">0</atprecis><attscale Sync="TRUE">0</attscale></attr><attr><attrlabl Sync="TRUE">COV_PCT_1</attrlabl><attalias Sync="TRUE">COV_PCT_1</attalias><attrtype Sync="TRUE">Integer</attrtype><attwidth Sync="TRUE">10</attwidth><atprecis Sync="TRUE">10</atprecis><attscale Sync="TRUE">0</attscale></attr><attr><attrlabl Sync="TRUE">SOIL_MST_1</attrlabl><attalias Sync="TRUE">SOIL_MST_1</attalias><attrtype Sync="TRUE">String</attrtype><attwidth Sync="TRUE">10</attwidth><atprecis Sync="TRUE">0</atprecis><attscale Sync="TRUE">0</attscale></attr><attr><attrlabl Sync="TRUE">LAND_CD_2</attrlabl><attalias Sync="TRUE">LAND_CD_2</attalias><attrtype Sync="TRUE">String</attrtype><attwidth Sync="TRUE">10</attwidth><atprecis Sync="TRUE">0</atprecis><attscale Sync="TRUE">0</attscale></attr><attr><attrlabl Sync="TRUE">COV_PCT_2</attrlabl><attalias Sync="TRUE">COV_PCT_2</attalias><attrtype Sync="TRUE">Integer</attrtype><attwidth Sync="TRUE">10</attwidth><atprecis Sync="TRUE">10</atprecis><attscale Sync="TRUE">0</attscale></attr><attr><attrlabl Sync="TRUE">SOIL_MST_2</attrlabl><attalias Sync="TRUE">SOIL_MST_2</attalias><attrtype Sync="TRUE">String</attrtype><attwidth Sync="TRUE">10</attwidth><atprecis Sync="TRUE">0</atprecis><attscale Sync="TRUE">0</attscale></attr><attr><attrlabl Sync="TRUE">LAND_CD_3</attrlabl><attalias Sync="TRUE">LAND_CD_3</attalias><attrtype Sync="TRUE">String</attrtype><attwidth Sync="TRUE">10</attwidth><atprecis Sync="TRUE">0</atprecis><attscale Sync="TRUE">0</attscale></attr><attr><attrlabl Sync="TRUE">COV_PCT_3</attrlabl><attalias Sync="TRUE">COV_PCT_3</attalias><attrtype Sync="TRUE">Integer</attrtype><attwidth Sync="TRUE">10</attwidth><atprecis Sync="TRUE">10</atprecis><attscale Sync="TRUE">0</attscale></attr><attr><attrlabl Sync="TRUE">SOIL_MST_3</attrlabl><attalias Sync="TRUE">SOIL_MST_3</attalias><attrtype Sync="TRUE">String</attrtype><attwidth Sync="TRUE">10</attwidth><atprecis Sync="TRUE">0</atprecis><attscale Sync="TRUE">0</attscale></attr><attr><attrlabl Sync="TRUE">AV_LBL_HT</attrlabl><attalias Sync="TRUE">AV_LBL_HT</attalias><attrtype Sync="TRUE">Double</attrtype><attwidth Sync="TRUE">19</attwidth><atprecis Sync="TRUE">0</atprecis><attscale Sync="TRUE">0</attscale></attr><attr><attrlabl Sync="TRUE">AV_LBL_WD</attrlabl><attalias Sync="TRUE">AV_LBL_WD</attalias><attrtype Sync="TRUE">Double</attrtype><attwidth Sync="TRUE">19</attwidth><atprecis Sync="TRUE">0</atprecis><attscale Sync="TRUE">0</attscale></attr><attr><attrlabl Sync="TRUE">FULL_LABEL</attrlabl><attalias Sync="TRUE">FULL_LABEL</attalias><attrtype Sync="TRUE">String</attrtype><attwidth Sync="TRUE">254</attwidth><atprecis Sync="TRUE">0</atprecis><attscale Sync="TRUE">0</attscale></attr><attr><attrlabl Sync="TRUE">LBL_CTR_X</attrlabl><attalias Sync="TRUE">LBL_CTR_X</attalias><attrtype Sync="TRUE">Double</attrtype><attwidth Sync="TRUE">19</attwidth><atprecis Sync="TRUE">0</atprecis><attscale Sync="TRUE">0</attscale></attr><attr><attrlabl Sync="TRUE">LBL_CTR_Y</attrlabl><attalias Sync="TRUE">LBL_CTR_Y</attalias><attrtype Sync="TRUE">Double</attrtype><attwidth Sync="TRUE">19</attwidth><atprecis Sync="TRUE">0</atprecis><attscale Sync="TRUE">0</attscale></attr><attr><attrlabl Sync="TRUE">LBL_HT</attrlabl><attalias Sync="TRUE">LBL_HT</attalias><attrtype Sync="TRUE">Double</attrtype><attwidth Sync="TRUE">19</attwidth><atprecis Sync="TRUE">0</atprecis><attscale Sync="TRUE">0</attscale></attr><attr><attrlabl Sync="TRUE">LBL_WIDTH</attrlabl><attalias Sync="TRUE">LBL_WIDTH</attalias><attrtype Sync="TRUE">Double</attrtype><attwidth Sync="TRUE">19</attwidth><atprecis Sync="TRUE">0</atprecis><attscale Sync="TRUE">0</attscale></attr><attr><attrlabl Sync="TRUE">LBL_OPN_NO</attrlabl><attalias Sync="TRUE">LBL_OPN_NO</attalias><attrtype Sync="TRUE">String</attrtype><attwidth Sync="TRUE">4</attwidth><atprecis Sync="TRUE">0</atprecis><attscale Sync="TRUE">0</attscale></attr><attr><attrlabl Sync="TRUE">LBL_OPN_CD</attrlabl><attalias Sync="TRUE">LBL_OPN_CD</attalias><attrtype Sync="TRUE">String</attrtype><attwidth Sync="TRUE">1</attwidth><atprecis Sync="TRUE">0</atprecis><attscale Sync="TRUE">0</attscale></attr><attr><attrlabl Sync="TRUE">LBL_POLYID</attrlabl><attalias Sync="TRUE">LBL_POLYID</attalias><attrtype Sync="TRUE">String</attrtype><attwidth Sync="TRUE">10</attwidth><atprecis Sync="TRUE">0</atprecis><attscale Sync="TRUE">0</attscale></attr><attr><attrlabl Sync="TRUE">LBL_SPECIS</attrlabl><attalias Sync="TRUE">LBL_SPECIS</attalias><attrtype Sync="TRUE">String</attrtype><attwidth Sync="TRUE">50</attwidth><atprecis Sync="TRUE">0</atprecis><attscale Sync="TRUE">0</attscale></attr><attr><attrlabl Sync="TRUE">LBL_CLS_IN</attrlabl><attalias Sync="TRUE">LBL_CLS_IN</attalias><attrtype Sync="TRUE">String</attrtype><attwidth Sync="TRUE">12</attwidth><atprecis Sync="TRUE">0</atprecis><attscale Sync="TRUE">0</attscale></attr><attr><attrlabl Sync="TRUE">LBL_VEGCOV</attrlabl><attalias Sync="TRUE">LBL_VEGCOV</attalias><attrtype Sync="TRUE">String</attrtype><attwidth Sync="TRUE">11</attwidth><atprecis Sync="TRUE">0</atprecis><attscale Sync="TRUE">0</attscale></attr><attr><attrlabl Sync="TRUE">LBL_HIST</attrlabl><attalias Sync="TRUE">LBL_HIST</attalias><attrtype Sync="TRUE">String</attrtype><attwidth Sync="TRUE">10</attwidth><atprecis Sync="TRUE">0</atprecis><attscale Sync="TRUE">0</attscale></attr><attr><attrlabl Sync="TRUE">LBL_DISTUR</attrlabl><attalias Sync="TRUE">LBL_DISTUR</attalias><attrtype Sync="TRUE">String</attrtype><attwidth Sync="TRUE">1</attwidth><atprecis Sync="TRUE">0</atprecis><attscale Sync="TRUE">0</attscale></attr><attr><attrlabl Sync="TRUE">LBL_HIS_SY</attrlabl><attalias Sync="TRUE">LBL_HIS_SY</attalias><attrtype Sync="TRUE">String</attrtype><attwidth Sync="TRUE">39</attwidth><atprecis Sync="TRUE">0</atprecis><attscale Sync="TRUE">0</attscale></attr><attr><attrlabl Sync="TRUE">LBL_TEND</attrlabl><attalias Sync="TRUE">LBL_TEND</attalias><attrtype Sync="TRUE">String</attrtype><attwidth Sync="TRUE">40</attwidth><atprecis Sync="TRUE">0</atprecis><attscale Sync="TRUE">0</attscale></attr><attr><attrlabl Sync="TRUE">LBL_PLANT</attrlabl><attalias Sync="TRUE">LBL_PLANT</attalias><attrtype Sync="TRUE">String</attrtype><attwidth Sync="TRUE">80</attwidth><atprecis Sync="TRUE">0</atprecis><attscale Sync="TRUE">0</attscale></attr><attr><attrlabl Sync="TRUE">PRINTABLE</attrlabl><attalias Sync="TRUE">PRINTABLE</attalias><attrtype Sync="TRUE">String</attrtype><attwidth Sync="TRUE">1</attwidth><atprecis Sync="TRUE">0</atprecis><attscale Sync="TRUE">0</attscale></attr><attr><attrlabl Sync="TRUE">SM_LABEL</attrlabl><attalias Sync="TRUE">SM_LABEL</attalias><attrtype Sync="TRUE">String</attrtype><attwidth Sync="TRUE">200</attwidth><atprecis Sync="TRUE">0</atprecis><attscale Sync="TRUE">0</attscale></attr><attr><attrlabl Sync="TRUE">OPEN_ID</attrlabl><attalias Sync="TRUE">OPEN_ID</attalias><attrtype Sync="TRUE">Double</attrtype><attwidth Sync="TRUE">19</attwidth><atprecis Sync="TRUE">0</atprecis><attscale Sync="TRUE">0</attscale></attr><attr><attrlabl Sync="TRUE">ORGUNIT_NO</attrlabl><attalias Sync="TRUE">ORGUNIT_NO</attalias><attrtype Sync="TRUE">Double</attrtype><attwidth Sync="TRUE">19</attwidth><atprecis Sync="TRUE">0</atprecis><attscale Sync="TRUE">0</attscale></attr><attr><attrlabl Sync="TRUE">ORGUNIT_CD</attrlabl><attalias Sync="TRUE">ORGUNIT_CD</attalias><attrtype Sync="TRUE">String</attrtype><attwidth Sync="TRUE">6</attwidth><atprecis Sync="TRUE">0</atprecis><attscale Sync="TRUE">0</attscale></attr><attr><attrlabl Sync="TRUE">ADJST_IND</attrlabl><attalias Sync="TRUE">ADJST_IND</attalias><attrtype Sync="TRUE">String</attrtype><attwidth Sync="TRUE">1</attwidth><atprecis Sync="TRUE">0</atprecis><attscale Sync="TRUE">0</attscale></attr><attr><attrlabl Sync="TRUE">BEC_ZONE</attrlabl><attalias Sync="TRUE">BEC_ZONE</attalias><attrtype Sync="TRUE">String</attrtype><attwidth Sync="TRUE">4</attwidth><atprecis Sync="TRUE">0</atprecis><attscale Sync="TRUE">0</attscale></attr><attr><attrlabl Sync="TRUE">BEC_SZONE</attrlabl><attalias Sync="TRUE">BEC_SZONE</attalias><attrtype Sync="TRUE">String</attrtype><attwidth Sync="TRUE">3</attwidth><atprecis Sync="TRUE">0</atprecis><attscale Sync="TRUE">0</attscale></attr><attr><attrlabl Sync="TRUE">BEC_VAR</attrlabl><attalias Sync="TRUE">BEC_VAR</attalias><attrtype Sync="TRUE">String</attrtype><attwidth Sync="TRUE">1</attwidth><atprecis Sync="TRUE">0</atprecis><attscale Sync="TRUE">0</attscale></attr><attr><attrlabl Sync="TRUE">BEC_PHSE</attrlabl><attalias Sync="TRUE">BEC_PHSE</attalias><attrtype Sync="TRUE">String</attrtype><attwidth Sync="TRUE">1</attwidth><atprecis Sync="TRUE">0</atprecis><attscale Sync="TRUE">0</attscale></attr><attr><attrlabl Sync="TRUE">N_LOG_DIST</attrlabl><attalias Sync="TRUE">N_LOG_DIST</attalias><attrtype Sync="TRUE">String</attrtype><attwidth Sync="TRUE">10</attwidth><atprecis Sync="TRUE">0</atprecis><attscale Sync="TRUE">0</attscale></attr><attr><attrlabl Sync="TRUE">N_LOG_DATE</attrlabl><attalias Sync="TRUE">N_LOG_DATE</attalias><attrtype Sync="TRUE">String</attrtype><attwidth Sync="TRUE">25</attwidth><atprecis Sync="TRUE">0</atprecis><attscale Sync="TRUE">0</attscale></attr><attr><attrlabl Sync="TRUE">DEAD_PCT</attrlabl><attalias Sync="TRUE">DEAD_PCT</attalias><attrtype Sync="TRUE">Integer</attrtype><attwidth Sync="TRUE">10</attwidth><atprecis Sync="TRUE">10</atprecis><attscale Sync="TRUE">0</attscale></attr><attr><attrlabl Sync="TRUE">FTG_IND</attrlabl><attalias Sync="TRUE">FTG_IND</attalias><attrtype Sync="TRUE">String</attrtype><attwidth Sync="TRUE">1</attwidth><atprecis Sync="TRUE">0</atprecis><attscale Sync="TRUE">0</attscale></attr><attr><attrlabl Sync="TRUE">HRVSTDT</attrlabl><attalias Sync="TRUE">HRVSTDT</attalias><attrtype Sync="TRUE">String</attrtype><attwidth Sync="TRUE">25</attwidth><atprecis Sync="TRUE">0</atprecis><attscale Sync="TRUE">0</attscale></attr><attr><attrlabl Sync="TRUE">AREA_SQM</attrlabl><attalias Sync="TRUE">AREA_SQM</attalias><attrtype Sync="TRUE">Double</attrtype><attwidth Sync="TRUE">19</attwidth><atprecis Sync="TRUE">0</atprecis><attscale Sync="TRUE">0</attscale></attr><attr><attrlabl Sync="TRUE">FEAT_LEN</attrlabl><attalias Sync="TRUE">FEAT_LEN</attalias><attrtype Sync="TRUE">Double</attrtype><attwidth Sync="TRUE">19</attwidth><atprecis Sync="TRUE">0</atprecis><attscale Sync="TRUE">0</attscale></attr><attr><attrlabl Sync="TRUE">LAYER_ID</attrlabl><attalias Sync="TRUE">LAYER_ID</attalias><attrtype Sync="TRUE">String</attrtype><attwidth Sync="TRUE">10</attwidth><atprecis Sync="TRUE">0</atprecis><attscale Sync="TRUE">0</attscale></attr><attr><attrlabl Sync="TRUE">RANK_CD</attrlabl><attalias Sync="TRUE">RANK_CD</attalias><attrtype Sync="TRUE">String</attrtype><attwidth Sync="TRUE">10</attwidth><atprecis Sync="TRUE">0</atprecis><attscale Sync="TRUE">0</attscale></attr><attr><attrlabl Sync="TRUE">NFOR_DESC</attrlabl><attalias Sync="TRUE">NFOR_DESC</attalias><attrtype Sync="TRUE">String</attrtype><attwidth Sync="TRUE">10</attwidth><atprecis Sync="TRUE">0</atprecis><attscale Sync="TRUE">0</attscale></attr><attr><attrlabl Sync="TRUE">INTERP_CD</attrlabl><attalias Sync="TRUE">INTERP_CD</attalias><attrtype Sync="TRUE">String</attrtype><attwidth Sync="TRUE">10</attwidth><atprecis Sync="TRUE">0</atprecis><attscale Sync="TRUE">0</attscale></attr><attr><attrlabl Sync="TRUE">Q_DIAM_125</attrlabl><attalias Sync="TRUE">Q_DIAM_125</attalias><attrtype Sync="TRUE">Double</attrtype><attwidth Sync="TRUE">19</attwidth><atprecis Sync="TRUE">0</atprecis><attscale Sync="TRUE">0</attscale></attr><attr><attrlabl Sync="TRUE">Q_DIAM_175</attrlabl><attalias Sync="TRUE">Q_DIAM_175</attalias><attrtype Sync="TRUE">Double</attrtype><attwidth Sync="TRUE">19</attwidth><atprecis Sync="TRUE">0</atprecis><attscale Sync="TRUE">0</attscale></attr><attr><attrlabl Sync="TRUE">Q_DIAM_225</attrlabl><attalias Sync="TRUE">Q_DIAM_225</attalias><attrtype Sync="TRUE">Double</attrtype><attwidth Sync="TRUE">19</attwidth><atprecis Sync="TRUE">0</atprecis><attscale Sync="TRUE">0</attscale></attr><attr><attrlabl Sync="TRUE">EST_SI_SPC</attrlabl><attalias Sync="TRUE">EST_SI_SPC</attalias><attrtype Sync="TRUE">String</attrtype><attwidth Sync="TRUE">10</attwidth><atprecis Sync="TRUE">0</atprecis><attscale Sync="TRUE">0</attscale></attr><attr><attrlabl Sync="TRUE">EST_SI</attrlabl><attalias Sync="TRUE">EST_SI</attalias><attrtype Sync="TRUE">Single</attrtype><attwidth Sync="TRUE">13</attwidth><atprecis Sync="TRUE">0</atprecis><attscale Sync="TRUE">0</attscale></attr><attr><attrlabl Sync="TRUE">SI_DATA_CD</attrlabl><attalias Sync="TRUE">SI_DATA_CD</attalias><attrtype Sync="TRUE">String</attrtype><attwidth Sync="TRUE">10</attwidth><atprecis Sync="TRUE">0</atprecis><attscale Sync="TRUE">0</attscale></attr><attr><attrlabl Sync="TRUE">CR_CLOSURE</attrlabl><attalias Sync="TRUE">CR_CLOSURE</attalias><attrtype Sync="TRUE">Integer</attrtype><attwidth Sync="TRUE">10</attwidth><atprecis Sync="TRUE">10</atprecis><attscale Sync="TRUE">0</attscale></attr><attr><attrlabl Sync="TRUE">CC_CLASS</attrlabl><attalias Sync="TRUE">CC_CLASS</attalias><attrtype Sync="TRUE">String</attrtype><attwidth Sync="TRUE">2</attwidth><atprecis Sync="TRUE">0</atprecis><attscale Sync="TRUE">0</attscale></attr><attr><attrlabl Sync="TRUE">REF_DATE</attrlabl><attalias Sync="TRUE">REF_DATE</attalias><attrtype Sync="TRUE">String</attrtype><attwidth Sync="TRUE">25</attwidth><atprecis Sync="TRUE">0</atprecis><attscale Sync="TRUE">0</attscale></attr><attr><attrlabl Sync="TRUE">SITE_INDEX</attrlabl><attalias Sync="TRUE">SITE_INDEX</attalias><attrtype Sync="TRUE">Single</attrtype><attwidth Sync="TRUE">13</attwidth><atprecis Sync="TRUE">0</atprecis><attscale Sync="TRUE">0</attscale></attr><attr><attrlabl Sync="TRUE">DBH_LIMIT</attrlabl><attalias Sync="TRUE">DBH_LIMIT</attalias><attrtype Sync="TRUE">Integer</attrtype><attwidth Sync="TRUE">10</attwidth><atprecis Sync="TRUE">10</atprecis><attscale Sync="TRUE">0</attscale></attr><attr><attrlabl Sync="TRUE">BASAL_AREA</attrlabl><attalias Sync="TRUE">BASAL_AREA</attalias><attrtype Sync="TRUE">Double</attrtype><attwidth Sync="TRUE">19</attwidth><atprecis Sync="TRUE">0</atprecis><attscale Sync="TRUE">0</attscale></attr><attr><attrlabl Sync="TRUE">B_A_DTA_CD</attrlabl><attalias Sync="TRUE">B_A_DTA_CD</attalias><attrtype Sync="TRUE">String</attrtype><attwidth Sync="TRUE">10</attwidth><atprecis Sync="TRUE">0</atprecis><attscale Sync="TRUE">0</attscale></attr><attr><attrlabl Sync="TRUE">LIVE_STEMS</attrlabl><attalias Sync="TRUE">LIVE_STEMS</attalias><attrtype Sync="TRUE">Integer</attrtype><attwidth Sync="TRUE">10</attwidth><atprecis Sync="TRUE">10</atprecis><attscale Sync="TRUE">0</attscale></attr><attr><attrlabl Sync="TRUE">STEM_HA_CD</attrlabl><attalias Sync="TRUE">STEM_HA_CD</attalias><attrtype Sync="TRUE">String</attrtype><attwidth Sync="TRUE">10</attwidth><atprecis Sync="TRUE">0</atprecis><attscale Sync="TRUE">0</attscale></attr><attr><attrlabl Sync="TRUE">DEAD_STEMS</attrlabl><attalias Sync="TRUE">DEAD_STEMS</attalias><attrtype Sync="TRUE">Integer</attrtype><attwidth Sync="TRUE">10</attwidth><atprecis Sync="TRUE">10</atprecis><attscale Sync="TRUE">0</attscale></attr><attr><attrlabl Sync="TRUE">TREE_PATRN</attrlabl><attalias Sync="TRUE">TREE_PATRN</attalias><attrtype Sync="TRUE">String</attrtype><attwidth Sync="TRUE">10</attwidth><atprecis Sync="TRUE">0</atprecis><attscale Sync="TRUE">0</attscale></attr><attr><attrlabl Sync="TRUE">VERT_COMPL</attrlabl><attalias Sync="TRUE">VERT_COMPL</attalias><attrtype Sync="TRUE">String</attrtype><attwidth Sync="TRUE">10</attwidth><atprecis Sync="TRUE">0</atprecis><attscale Sync="TRUE">0</attscale></attr><attr><attrlabl Sync="TRUE">SPEC_CD_1</attrlabl><attalias Sync="TRUE">SPEC_CD_1</attalias><attrtype Sync="TRUE">String</attrtype><attwidth Sync="TRUE">10</attwidth><atprecis Sync="TRUE">0</atprecis><attscale Sync="TRUE">0</attscale></attr><attr><attrlabl Sync="TRUE">SPEC_PCT_1</attrlabl><attalias Sync="TRUE">SPEC_PCT_1</attalias><attrtype Sync="TRUE">Single</attrtype><attwidth Sync="TRUE">13</attwidth><atprecis Sync="TRUE">0</atprecis><attscale Sync="TRUE">0</attscale></attr><attr><attrlabl Sync="TRUE">SPEC_CD_2</attrlabl><attalias Sync="TRUE">SPEC_CD_2</attalias><attrtype Sync="TRUE">String</attrtype><attwidth Sync="TRUE">10</attwidth><atprecis Sync="TRUE">0</atprecis><attscale Sync="TRUE">0</attscale></attr><attr><attrlabl Sync="TRUE">SPEC_PCT_2</attrlabl><attalias Sync="TRUE">SPEC_PCT_2</attalias><attrtype Sync="TRUE">Single</attrtype><attwidth Sync="TRUE">13</attwidth><atprecis Sync="TRUE">0</atprecis><attscale Sync="TRUE">0</attscale></attr><attr><attrlabl Sync="TRUE">SPEC_CD_3</attrlabl><attalias Sync="TRUE">SPEC_CD_3</attalias><attrtype Sync="TRUE">String</attrtype><attwidth Sync="TRUE">10</attwidth><atprecis Sync="TRUE">0</atprecis><attscale Sync="TRUE">0</attscale></attr><attr><attrlabl Sync="TRUE">SPEC_PCT_3</attrlabl><attalias Sync="TRUE">SPEC_PCT_3</attalias><attrtype Sync="TRUE">Single</attrtype><attwidth Sync="TRUE">13</attwidth><atprecis Sync="TRUE">0</atprecis><attscale Sync="TRUE">0</attscale></attr><attr><attrlabl Sync="TRUE">SPEC_CD_4</attrlabl><attalias Sync="TRUE">SPEC_CD_4</attalias><attrtype Sync="TRUE">String</attrtype><attwidth Sync="TRUE">10</attwidth><atprecis Sync="TRUE">0</atprecis><attscale Sync="TRUE">0</attscale></attr><attr><attrlabl Sync="TRUE">SPEC_PCT_4</attrlabl><attalias Sync="TRUE">SPEC_PCT_4</attalias><attrtype Sync="TRUE">Single</attrtype><attwidth Sync="TRUE">13</attwidth><atprecis Sync="TRUE">0</atprecis><attscale Sync="TRUE">0</attscale></attr><attr><attrlabl Sync="TRUE">SPEC_CD_5</attrlabl><attalias Sync="TRUE">SPEC_CD_5</attalias><attrtype Sync="TRUE">String</attrtype><attwidth Sync="TRUE">10</attwidth><atprecis Sync="TRUE">0</atprecis><attscale Sync="TRUE">0</attscale></attr><attr><attrlabl Sync="TRUE">SPEC_PCT_5</attrlabl><attalias Sync="TRUE">SPEC_PCT_5</attalias><attrtype Sync="TRUE">Single</attrtype><attwidth Sync="TRUE">13</attwidth><atprecis Sync="TRUE">0</atprecis><attscale Sync="TRUE">0</attscale></attr><attr><attrlabl Sync="TRUE">SPEC_CD_6</attrlabl><attalias Sync="TRUE">SPEC_CD_6</attalias><attrtype Sync="TRUE">String</attrtype><attwidth Sync="TRUE">10</attwidth><atprecis Sync="TRUE">0</atprecis><attscale Sync="TRUE">0</attscale></attr><attr><attrlabl Sync="TRUE">SPEC_PCT_6</attrlabl><attalias Sync="TRUE">SPEC_PCT_6</attalias><attrtype Sync="TRUE">Single</attrtype><attwidth Sync="TRUE">13</attwidth><atprecis Sync="TRUE">0</atprecis><attscale Sync="TRUE">0</attscale></attr><attr><attrlabl Sync="TRUE">PROJ_AGE_1</attrlabl><attalias Sync="TRUE">PROJ_AGE_1</attalias><attrtype Sync="TRUE">Integer</attrtype><attwidth Sync="TRUE">10</attwidth><atprecis Sync="TRUE">10</atprecis><attscale Sync="TRUE">0</attscale></attr><attr><attrlabl Sync="TRUE">P_AGE_CS_1</attrlabl><attalias Sync="TRUE">P_AGE_CS_1</attalias><attrtype Sync="TRUE">String</attrtype><attwidth Sync="TRUE">1</attwidth><atprecis Sync="TRUE">0</atprecis><attscale Sync="TRUE">0</attscale></attr><attr><attrlabl Sync="TRUE">PROJ_AGE_2</attrlabl><attalias Sync="TRUE">PROJ_AGE_2</attalias><attrtype Sync="TRUE">Integer</attrtype><attwidth Sync="TRUE">10</attwidth><atprecis Sync="TRUE">10</atprecis><attscale Sync="TRUE">0</attscale></attr><attr><attrlabl Sync="TRUE">P_AGE_CS_2</attrlabl><attalias Sync="TRUE">P_AGE_CS_2</attalias><attrtype Sync="TRUE">String</attrtype><attwidth Sync="TRUE">1</attwidth><atprecis Sync="TRUE">0</atprecis><attscale Sync="TRUE">0</attscale></attr><attr><attrlabl Sync="TRUE">AGE_DTA_CD</attrlabl><attalias Sync="TRUE">AGE_DTA_CD</attalias><attrtype Sync="TRUE">String</attrtype><attwidth Sync="TRUE">10</attwidth><atprecis Sync="TRUE">0</atprecis><attscale Sync="TRUE">0</attscale></attr><attr><attrlabl Sync="TRUE">PROJ_HT_1</attrlabl><attalias Sync="TRUE">PROJ_HT_1</attalias><attrtype Sync="TRUE">Single</attrtype><attwidth Sync="TRUE">13</attwidth><atprecis Sync="TRUE">0</atprecis><attscale Sync="TRUE">0</attscale></attr><attr><attrlabl Sync="TRUE">P_HT_CAS_1</attrlabl><attalias Sync="TRUE">P_HT_CAS_1</attalias><attrtype Sync="TRUE">String</attrtype><attwidth Sync="TRUE">1</attwidth><atprecis Sync="TRUE">0</atprecis><attscale Sync="TRUE">0</attscale></attr><attr><attrlabl Sync="TRUE">PROJ_HT_2</attrlabl><attalias Sync="TRUE">PROJ_HT_2</attalias><attrtype Sync="TRUE">Single</attrtype><attwidth Sync="TRUE">13</attwidth><atprecis Sync="TRUE">0</atprecis><attscale Sync="TRUE">0</attscale></attr><attr><attrlabl Sync="TRUE">P_HT_CAS_2</attrlabl><attalias Sync="TRUE">P_HT_CAS_2</attalias><attrtype Sync="TRUE">String</attrtype><attwidth Sync="TRUE">1</attwidth><atprecis Sync="TRUE">0</atprecis><attscale Sync="TRUE">0</attscale></attr><attr><attrlabl Sync="TRUE">HT_DATA_CD</attrlabl><attalias Sync="TRUE">HT_DATA_CD</attalias><attrtype Sync="TRUE">String</attrtype><attwidth Sync="TRUE">10</attwidth><atprecis Sync="TRUE">0</atprecis><attscale Sync="TRUE">0</attscale></attr><attr><attrlabl Sync="TRUE">LVLSP1_125</attrlabl><attalias Sync="TRUE">LVLSP1_125</attalias><attrtype Sync="TRUE">Double</attrtype><attwidth Sync="TRUE">19</attwidth><atprecis Sync="TRUE">0</atprecis><attscale Sync="TRUE">0</attscale></attr><attr><attrlabl Sync="TRUE">LVLSP1_175</attrlabl><attalias Sync="TRUE">LVLSP1_175</attalias><attrtype Sync="TRUE">Double</attrtype><attwidth Sync="TRUE">19</attwidth><atprecis Sync="TRUE">0</atprecis><attscale Sync="TRUE">0</attscale></attr><attr><attrlabl Sync="TRUE">LVLSP1_225</attrlabl><attalias Sync="TRUE">LVLSP1_225</attalias><attrtype Sync="TRUE">Double</attrtype><attwidth Sync="TRUE">19</attwidth><atprecis Sync="TRUE">0</atprecis><attscale Sync="TRUE">0</attscale></attr><attr><attrlabl Sync="TRUE">LVLSP2_125</attrlabl><attalias Sync="TRUE">LVLSP2_125</attalias><attrtype Sync="TRUE">Double</attrtype><attwidth Sync="TRUE">19</attwidth><atprecis Sync="TRUE">0</atprecis><attscale Sync="TRUE">0</attscale></attr><attr><attrlabl Sync="TRUE">LVLSP2_175</attrlabl><attalias Sync="TRUE">LVLSP2_175</attalias><attrtype Sync="TRUE">Double</attrtype><attwidth Sync="TRUE">19</attwidth><atprecis Sync="TRUE">0</atprecis><attscale Sync="TRUE">0</attscale></attr><attr><attrlabl Sync="TRUE">LVLSP2_225</attrlabl><attalias Sync="TRUE">LVLSP2_225</attalias><attrtype Sync="TRUE">Double</attrtype><attwidth Sync="TRUE">19</attwidth><atprecis Sync="TRUE">0</atprecis><attscale Sync="TRUE">0</attscale></attr><attr><attrlabl Sync="TRUE">LVLSP3_125</attrlabl><attalias Sync="TRUE">LVLSP3_125</attalias><attrtype Sync="TRUE">Double</attrtype><attwidth Sync="TRUE">19</attwidth><atprecis Sync="TRUE">0</atprecis><attscale Sync="TRUE">0</attscale></attr><attr><attrlabl Sync="TRUE">LVLSP3_175</attrlabl><attalias Sync="TRUE">LVLSP3_175</attalias><attrtype Sync="TRUE">Double</attrtype><attwidth Sync="TRUE">19</attwidth><atprecis Sync="TRUE">0</atprecis><attscale Sync="TRUE">0</attscale></attr><attr><attrlabl Sync="TRUE">LVLSP3_225</attrlabl><attalias Sync="TRUE">LVLSP3_225</attalias><attrtype Sync="TRUE">Double</attrtype><attwidth Sync="TRUE">19</attwidth><atprecis Sync="TRUE">0</atprecis><attscale Sync="TRUE">0</attscale></attr><attr><attrlabl Sync="TRUE">LVLSP4_125</attrlabl><attalias Sync="TRUE">LVLSP4_125</attalias><attrtype Sync="TRUE">Double</attrtype><attwidth Sync="TRUE">19</attwidth><atprecis Sync="TRUE">0</atprecis><attscale Sync="TRUE">0</attscale></attr><attr><attrlabl Sync="TRUE">LVLSP4_175</attrlabl><attalias Sync="TRUE">LVLSP4_175</attalias><attrtype Sync="TRUE">Double</attrtype><attwidth Sync="TRUE">19</attwidth><atprecis Sync="TRUE">0</atprecis><attscale Sync="TRUE">0</attscale></attr><attr><attrlabl Sync="TRUE">LVLSP4_225</attrlabl><attalias Sync="TRUE">LVLSP4_225</attalias><attrtype Sync="TRUE">Double</attrtype><attwidth Sync="TRUE">19</attwidth><atprecis Sync="TRUE">0</atprecis><attscale Sync="TRUE">0</attscale></attr><attr><attrlabl Sync="TRUE">LVLSP5_125</attrlabl><attalias Sync="TRUE">LVLSP5_125</attalias><attrtype Sync="TRUE">Double</attrtype><attwidth Sync="TRUE">19</attwidth><atprecis Sync="TRUE">0</atprecis><attscale Sync="TRUE">0</attscale></attr><attr><attrlabl Sync="TRUE">LVLSP5_175</attrlabl><attalias Sync="TRUE">LVLSP5_175</attalias><attrtype Sync="TRUE">Double</attrtype><attwidth Sync="TRUE">19</attwidth><atprecis Sync="TRUE">0</atprecis><attscale Sync="TRUE">0</attscale></attr><attr><attrlabl Sync="TRUE">LVLSP5_225</attrlabl><attalias Sync="TRUE">LVLSP5_225</attalias><attrtype Sync="TRUE">Double</attrtype><attwidth Sync="TRUE">19</attwidth><atprecis Sync="TRUE">0</atprecis><attscale Sync="TRUE">0</attscale></attr><attr><attrlabl Sync="TRUE">LVLSP6_125</attrlabl><attalias Sync="TRUE">LVLSP6_125</attalias><attrtype Sync="TRUE">Double</attrtype><attwidth Sync="TRUE">19</attwidth><atprecis Sync="TRUE">0</atprecis><attscale Sync="TRUE">0</attscale></attr><attr><attrlabl Sync="TRUE">LVLSP6_175</attrlabl><attalias Sync="TRUE">LVLSP6_175</attalias><attrtype Sync="TRUE">Double</attrtype><attwidth Sync="TRUE">19</attwidth><atprecis Sync="TRUE">0</atprecis><attscale Sync="TRUE">0</attscale></attr><attr><attrlabl Sync="TRUE">LVLSP6_225</attrlabl><attalias Sync="TRUE">LVLSP6_225</attalias><attrtype Sync="TRUE">Double</attrtype><attwidth Sync="TRUE">19</attwidth><atprecis Sync="TRUE">0</atprecis><attscale Sync="TRUE">0</attscale></attr><attr><attrlabl Sync="TRUE">DVLSP1_125</attrlabl><attalias Sync="TRUE">DVLSP1_125</attalias><attrtype Sync="TRUE">Double</attrtype><attwidth Sync="TRUE">19</attwidth><atprecis Sync="TRUE">0</atprecis><attscale Sync="TRUE">0</attscale></attr><attr><attrlabl Sync="TRUE">DVLSP1_175</attrlabl><attalias Sync="TRUE">DVLSP1_175</attalias><attrtype Sync="TRUE">Double</attrtype><attwidth Sync="TRUE">19</attwidth><atprecis Sync="TRUE">0</atprecis><attscale Sync="TRUE">0</attscale></attr><attr><attrlabl Sync="TRUE">DVLSP1_225</attrlabl><attalias Sync="TRUE">DVLSP1_225</attalias><attrtype Sync="TRUE">Double</attrtype><attwidth Sync="TRUE">19</attwidth><atprecis Sync="TRUE">0</atprecis><attscale Sync="TRUE">0</attscale></attr><attr><attrlabl Sync="TRUE">DVLSP2_125</attrlabl><attalias Sync="TRUE">DVLSP2_125</attalias><attrtype Sync="TRUE">Double</attrtype><attwidth Sync="TRUE">19</attwidth><atprecis Sync="TRUE">0</atprecis><attscale Sync="TRUE">0</attscale></attr><attr><attrlabl Sync="TRUE">DVLSP2_175</attrlabl><attalias Sync="TRUE">DVLSP2_175</attalias><attrtype Sync="TRUE">Double</attrtype><attwidth Sync="TRUE">19</attwidth><atprecis Sync="TRUE">0</atprecis><attscale Sync="TRUE">0</attscale></attr><attr><attrlabl Sync="TRUE">DVLSP2_225</attrlabl><attalias Sync="TRUE">DVLSP2_225</attalias><attrtype Sync="TRUE">Double</attrtype><attwidth Sync="TRUE">19</attwidth><atprecis Sync="TRUE">0</atprecis><attscale Sync="TRUE">0</attscale></attr><attr><attrlabl Sync="TRUE">DVLSP3_125</attrlabl><attalias Sync="TRUE">DVLSP3_125</attalias><attrtype Sync="TRUE">Double</attrtype><attwidth Sync="TRUE">19</attwidth><atprecis Sync="TRUE">0</atprecis><attscale Sync="TRUE">0</attscale></attr><attr><attrlabl Sync="TRUE">DVLSP3_175</attrlabl><attalias Sync="TRUE">DVLSP3_175</attalias><attrtype Sync="TRUE">Double</attrtype><attwidth Sync="TRUE">19</attwidth><atprecis Sync="TRUE">0</atprecis><attscale Sync="TRUE">0</attscale></attr><attr><attrlabl Sync="TRUE">DVLSP3_225</attrlabl><attalias Sync="TRUE">DVLSP3_225</attalias><attrtype Sync="TRUE">Double</attrtype><attwidth Sync="TRUE">19</attwidth><atprecis Sync="TRUE">0</atprecis><attscale Sync="TRUE">0</attscale></attr><attr><attrlabl Sync="TRUE">DVLSP4_125</attrlabl><attalias Sync="TRUE">DVLSP4_125</attalias><attrtype Sync="TRUE">Double</attrtype><attwidth Sync="TRUE">19</attwidth><atprecis Sync="TRUE">0</atprecis><attscale Sync="TRUE">0</attscale></attr><attr><attrlabl Sync="TRUE">DVLSP4_175</attrlabl><attalias Sync="TRUE">DVLSP4_175</attalias><attrtype Sync="TRUE">Double</attrtype><attwidth Sync="TRUE">19</attwidth><atprecis Sync="TRUE">0</atprecis><attscale Sync="TRUE">0</attscale></attr><attr><attrlabl Sync="TRUE">DVLSP4_225</attrlabl><attalias Sync="TRUE">DVLSP4_225</attalias><attrtype Sync="TRUE">Double</attrtype><attwidth Sync="TRUE">19</attwidth><atprecis Sync="TRUE">0</atprecis><attscale Sync="TRUE">0</attscale></attr><attr><attrlabl Sync="TRUE">DVLSP5_125</attrlabl><attalias Sync="TRUE">DVLSP5_125</attalias><attrtype Sync="TRUE">Double</attrtype><attwidth Sync="TRUE">19</attwidth><atprecis Sync="TRUE">0</atprecis><attscale Sync="TRUE">0</attscale></attr><attr><attrlabl Sync="TRUE">DVLSP5_175</attrlabl><attalias Sync="TRUE">DVLSP5_175</attalias><attrtype Sync="TRUE">Double</attrtype><attwidth Sync="TRUE">19</attwidth><atprecis Sync="TRUE">0</atprecis><attscale Sync="TRUE">0</attscale></attr><attr><attrlabl Sync="TRUE">DVLSP5_225</attrlabl><attalias Sync="TRUE">DVLSP5_225</attalias><attrtype Sync="TRUE">Double</attrtype><attwidth Sync="TRUE">19</attwidth><atprecis Sync="TRUE">0</atprecis><attscale Sync="TRUE">0</attscale></attr><attr><attrlabl Sync="TRUE">DVLSP6_125</attrlabl><attalias Sync="TRUE">DVLSP6_125</attalias><attrtype Sync="TRUE">Double</attrtype><attwidth Sync="TRUE">19</attwidth><atprecis Sync="TRUE">0</atprecis><attscale Sync="TRUE">0</attscale></attr><attr><attrlabl Sync="TRUE">DVLSP6_175</attrlabl><attalias Sync="TRUE">DVLSP6_175</attalias><attrtype Sync="TRUE">Double</attrtype><attwidth Sync="TRUE">19</attwidth><atprecis Sync="TRUE">0</atprecis><attscale Sync="TRUE">0</attscale></attr><attr><attrlabl Sync="TRUE">DVLSP6_225</attrlabl><attalias Sync="TRUE">DVLSP6_225</attalias><attrtype Sync="TRUE">Double</attrtype><attwidth Sync="TRUE">19</attwidth><atprecis Sync="TRUE">0</atprecis><attscale Sync="TRUE">0</attscale></attr><attr><attrlabl Sync="TRUE">LVLTOT_125</attrlabl><attalias Sync="TRUE">LVLTOT_125</attalias><attrtype Sync="TRUE">Double</attrtype><attwidth Sync="TRUE">19</attwidth><atprecis Sync="TRUE">0</atprecis><attscale Sync="TRUE">0</attscale></attr><attr><attrlabl Sync="TRUE">LVLTOT_175</attrlabl><attalias Sync="TRUE">LVLTOT_175</attalias><attrtype Sync="TRUE">Double</attrtype><attwidth Sync="TRUE">19</attwidth><atprecis Sync="TRUE">0</atprecis><attscale Sync="TRUE">0</attscale></attr><attr><attrlabl Sync="TRUE">LVLTOT_225</attrlabl><attalias Sync="TRUE">LVLTOT_225</attalias><attrtype Sync="TRUE">Double</attrtype><attwidth Sync="TRUE">19</attwidth><atprecis Sync="TRUE">0</atprecis><attscale Sync="TRUE">0</attscale></attr><attr><attrlabl Sync="TRUE">DVLTOT_125</attrlabl><attalias Sync="TRUE">DVLTOT_125</attalias><attrtype Sync="TRUE">Double</attrtype><attwidth Sync="TRUE">19</attwidth><atprecis Sync="TRUE">0</atprecis><attscale Sync="TRUE">0</attscale></attr><attr><attrlabl Sync="TRUE">DVLTOT_175</attrlabl><attalias Sync="TRUE">DVLTOT_175</attalias><attrtype Sync="TRUE">Double</attrtype><attwidth Sync="TRUE">19</attwidth><atprecis Sync="TRUE">0</atprecis><attscale Sync="TRUE">0</attscale></attr><attr><attrlabl Sync="TRUE">DVLTOT_225</attrlabl><attalias Sync="TRUE">DVLTOT_225</attalias><attrtype Sync="TRUE">Double</attrtype><attwidth Sync="TRUE">19</attwidth><atprecis Sync="TRUE">0</atprecis><attscale Sync="TRUE">0</attscale></attr><attr><attrlabl Sync="TRUE">WSTEM_BIOM</attrlabl><attalias Sync="TRUE">WSTEM_BIOM</attalias><attrtype Sync="TRUE">Double</attrtype><attwidth Sync="TRUE">19</attwidth><atprecis Sync="TRUE">0</atprecis><attscale Sync="TRUE">0</attscale></attr><attr><attrlabl Sync="TRUE">BRNCH_BIOM</attrlabl><attalias Sync="TRUE">BRNCH_BIOM</attalias><attrtype Sync="TRUE">Double</attrtype><attwidth Sync="TRUE">19</attwidth><atprecis Sync="TRUE">0</atprecis><attscale Sync="TRUE">0</attscale></attr><attr><attrlabl Sync="TRUE">FOLG_BIOM</attrlabl><attalias Sync="TRUE">FOLG_BIOM</attalias><attrtype Sync="TRUE">Double</attrtype><attwidth Sync="TRUE">19</attwidth><atprecis Sync="TRUE">0</atprecis><attscale Sync="TRUE">0</attscale></attr><attr><attrlabl Sync="TRUE">BARK_BIOM</attrlabl><attalias Sync="TRUE">BARK_BIOM</attalias><attrtype Sync="TRUE">Double</attrtype><attwidth Sync="TRUE">19</attwidth><atprecis Sync="TRUE">0</atprecis><attscale Sync="TRUE">0</attscale></attr><attr><attrlabl Sync="TRUE">OBJECTID</attrlabl><attalias Sync="TRUE">OBJECTID</attalias><attrtype Sync="TRUE">Double</attrtype><attwidth Sync="TRUE">19</attwidth><atprecis Sync="TRUE">0</atprecis><attscale Sync="TRUE">0</attscale></attr><attr><attrlabl Sync="TRUE">Shape_Leng</attrlabl><attalias Sync="TRUE">Shape_Leng</attalias><attrtype Sync="TRUE">Double</attrtype><attwidth Sync="TRUE">19</attwidth><atprecis Sync="TRUE">0</atprecis><attscale Sync="TRUE">0</attscale></attr><attr><attrlabl Sync="TRUE">Shape_Area</attrlabl><attalias Sync="TRUE">Shape_Area</attalias><attrtype Sync="TRUE">Double</attrtype><attwidth Sync="TRUE">19</attwidth><atprecis Sync="TRUE">0</atprecis><attscale Sync="TRUE">0</attscale><attrdef Sync="TRUE">Area of feature in internal units squared.</attrdef><attrdefs Sync="TRUE">Esri</attrdefs><attrdomv><udom Sync="TRUE">Positive real numbers that are automatically generated.</udom></attrdomv></attr></detailed></eainfo><mdDateSt Sync="TRUE">20200316</mdDateSt></metadata>
